prediction_id,game_id,market,selection,line,team,sportsbook,evidence_lane,as_of,execution_price,no_vig_at_prediction,close_status,close_reason,close_basis,close_cutoff,close_price,close_no_vig,clv_ev,clv_prob_move,edge_at_close,model_probability
P:03275cc26bc756d3f709,2025020704,ML,HOME,,,synthbook,DEV_SYNTHETIC,2026-01-20T14:00:00Z,109,0.457616,AVAILABLE,,SCHEDULED_FALLBACK,2026-01-21T02:00:00Z,-116,0.513007,0.072185,0.055391,-0.005499,0.507508
P:044a325849b6ba28d548,2025020702,TOTAL,UNDER,6.5,,synthbook,DEV_SYNTHETIC,2026-01-20T20:30:00Z,-132,0.544383,AVAILABLE,,SCHEDULED_FALLBACK,2026-01-21T02:00:00Z,-134,0.548332,-0.036264,0.003949,-0.056209,0.492123
P:048d8c2dc2987d5cd506,2025020706,TOTAL,UNDER,6.5,,synthbook,DEV_SYNTHETIC,2026-01-20T22:20:00Z,-144,0.564907,AVAILABLE,,SCHEDULED_FALLBACK,2026-01-20T23:00:00Z,-130,0.541559,-0.082359,-0.023348,0.001548,0.543107
P:058097a992d39a79ca70,2025020706,TEAM_TOTAL,UNDER,2.5,DET,synthbook,DEV_SYNTHETIC,2026-01-20T20:30:00Z,177,0.345612,AVAILABLE,,SCHEDULED_FALLBACK,2026-01-20T23:00:00Z,193,0.326463,-0.095698,-0.019149,0.021742,0.348205
P:06728801aa79076997da,2025020702,TEAM_TOTAL,OVER,2.5,COL,synthbook,DEV_SYNTHETIC,2026-01-20T22:20:00Z,-247,0.681066,AVAILABLE,,SCHEDULED_FALLBACK,2026-01-21T02:00:00Z,-193,0.630456,-0.114298,-0.05061,0.031211,0.661667
P:06b580f7696e9c7c56b4,2025020706,TOTAL,OVER,6.5,,synthbook,DEV_SYNTHETIC,2026-01-20T20:30:00Z,-115,0.512003,AVAILABLE,,SCHEDULED_FALLBACK,2026-01-20T23:00:00Z,109,0.458441,-0.142914,-0.053562,0.012824,0.471265
P:06ea20789082df18e802,2025020702,PUCK_LINE,AWAY,1.5,,synthbook,DEV_SYNTHETIC,2026-01-20T22:20:00Z,-301,0.718478,AVAILABLE,,SCHEDULED_FALLBACK,2026-01-21T02:00:00Z,-305,0.720911,-0.039584,0.002433,-0.000911,0.72
P:0ac775dbb50b4fcceb20,2025020706,PUCK_LINE,HOME,-1.5,,synthbook,DEV_SYNTHETIC,2026-01-20T20:30:00Z,211,0.307609,AVAILABLE,,SCHEDULED_FALLBACK,2026-01-20T23:00:00Z,202,0.31699,-0.01416,0.009381,-0.0203,0.29669
P:0c408f9d59c56e0f0ead,2025020704,TOTAL,OVER,6.5,,synthbook,DEV_SYNTHETIC,2026-01-20T20:30:00Z,139,0.400287,AVAILABLE,,SCHEDULED_FALLBACK,2026-01-21T02:00:00Z,130,0.41579,-0.006261,0.015503,0.031303,0.447093
P:0d4c86f1e3cc304b25f7,2025020702,TEAM_TOTAL,OVER,2.5,COL,synthbook,DEV_SYNTHETIC,2026-01-20T20:30:00Z,-247,0.681066,AVAILABLE,,SCHEDULED_FALLBACK,2026-01-21T02:00:00Z,-193,0.630456,-0.114298,-0.05061,0.01067,0.641126
P:0f715baaa70f5cbd1d06,2025020706,ML,AWAY,,,synthbook,DEV_SYNTHETIC,2026-01-20T21:50:00Z,-120,0.521739,AVAILABLE,,SCHEDULED_FALLBACK,2026-01-20T23:00:00Z,-104,0.487997,-0.10534,-0.033742,-0.039424,0.448573
P:0fa88b0e6324429bc4ff,2025020705,REG_3WAY,AWAY,,,synthbook,DEV_SYNTHETIC,2026-01-20T20:30:00Z,139,0.398227,AVAILABLE,,SCHEDULED_FALLBACK,2026-01-20T23:00:00Z,149,0.382572,-0.085654,-0.015655,-0.000859,0.381713
P:0fee43d5b51fd60ee2b7,2025020706,PUCK_LINE,AWAY,1.5,,synthbook,DEV_SYNTHETIC,2026-01-20T20:30:00Z,-262,0.692391,AVAILABLE,,SCHEDULED_FALLBACK,2026-01-20T23:00:00Z,-249,0.68301,-0.0563,-0.009381,0.0203,0.70331
P:1272905c5e29443dc254,2025020702,REG_3WAY,AWAY,,,synthbook,DEV_SYNTHETIC,2026-01-20T20:30:00Z,145,0.3887,AVAILABLE,,SCHEDULED_FALLBACK,2026-01-21T02:00:00Z,181,0.338967,-0.16953,-0.049733,0.043023,0.38199
P:1343d5b7bc34d757c550,2025020703,PUCK_LINE,AWAY,1.5,,synthbook,DEV_SYNTHETIC,2026-01-20T20:30:00Z,-276,0.702701,AVAILABLE,,SCHEDULED_FALLBACK,2026-01-21T02:00:00Z,-242,0.676846,-0.07792,-0.025855,-0.016818,0.660028
P:154362c2b09b0d5ae85f,2025020706,TEAM_TOTAL,UNDER,2.5,DET,synthbook,DEV_SYNTHETIC,2026-01-20T22:20:00Z,152,0.379842,AVAILABLE,,SCHEDULED_FALLBACK,2026-01-20T23:00:00Z,193,0.326463,-0.177314,-0.053379,0.02167,0.348133
P:15844fddf743a9e9bcea,2025020704,PUCK_LINE,HOME,-1.5,,synthbook,DEV_SYNTHETIC,2026-01-20T20:30:00Z,216,0.302911,AVAILABLE,,SCHEDULED_FALLBACK,2026-01-21T02:00:00Z,244,0.278341,-0.120441,-0.02457,-0.006724,0.271617
P:15ccd874d0b35cfe312f,2025020704,PUCK_LINE,AWAY,1.5,,synthbook,DEV_SYNTHETIC,2026-01-20T20:30:00Z,-268,0.697089,AVAILABLE,,SCHEDULED_FALLBACK,2026-01-21T02:00:00Z,-306,0.721659,-0.009066,0.02457,0.006724,0.728383
P:1a58676ccdaf2476d83e,2025020705,ML,AWAY,,,synthbook,DEV_SYNTHETIC,2026-01-20T22:20:00Z,-112,0.50545,AVAILABLE,,SCHEDULED_FALLBACK,2026-01-20T23:00:00Z,-115,0.512003,-0.030851,0.006553,-0.033475,0.478528
P:1b0e338a2c5806a6db09,2025020705,TEAM_TOTAL,OVER,2.5,NSH,synthbook,DEV_SYNTHETIC,2026-01-20T14:00:00Z,-148,0.570964,AVAILABLE,,SCHEDULED_FALLBACK,2026-01-20T23:00:00Z,-158,0.585862,-0.018286,0.014898,0.026665,0.612527
P:1b9784fedb1333d845f3,2025020703,ML,HOME,,,synthbook,DEV_SYNTHETIC,2026-01-20T20:30:00Z,-111,0.50327,AVAILABLE,,SCHEDULED_FALLBACK,2026-01-21T02:00:00Z,-128,0.536284,0.019422,0.033014,0.043208,0.579492
P:1b98aa8a1d145859ddc0,2025020704,TEAM_TOTAL,UNDER,2.5,SJS,synthbook,DEV_SYNTHETIC,2026-01-20T14:00:00Z,136,0.405505,AVAILABLE,,SCHEDULED_FALLBACK,2026-01-21T02:00:00Z,121,0.433283,0.022548,0.027778,-0.049425,0.383858
P:22d864cdd2e3edef321f,2025020706,TOTAL,UNDER,6.5,,synthbook,DEV_SYNTHETIC,2026-01-20T21:50:00Z,-104,0.487997,AVAILABLE,,SCHEDULED_FALLBACK,2026-01-20T23:00:00Z,-130,0.541559,0.062288,0.053562,0.001548,0.543107
P:23a70e80fc4c42c09331,2025020702,TEAM_TOTAL,OVER,2.5,OTT,synthbook,DEV_SYNTHETIC,2026-01-20T22:20:00Z,-213,0.650911,AVAILABLE,,SCHEDULED_FALLBACK,2026-01-21T02:00:00Z,-162,0.592345,-0.129559,-0.058566,0.070322,0.662667
P:2542d2fc96d1d2b77273,2025020704,TEAM_TOTAL,UNDER,2.5,WPG,synthbook,DEV_SYNTHETIC,2026-01-20T20:30:00Z,168,0.356976,AVAILABLE,,SCHEDULED_FALLBACK,2026-01-21T02:00:00Z,143,0.393718,0.055164,0.036742,-0.009873,0.383845
P:25b89d5879fa61acd83f,2025020706,REG_3WAY,DRAW,,,synthbook,DEV_SYNTHETIC,2026-01-20T14:00:00Z,380,0.198235,AVAILABLE,,SCHEDULED_FALLBACK,2026-01-20T23:00:00Z,333,0.219791,0.054997,0.021556,0.004149,0.22394
P:25f1dab5651f1f1e1ea0,2025020703,TEAM_TOTAL,UNDER,2.5,CGY,synthbook,DEV_SYNTHETIC,2026-01-20T20:30:00Z,155,0.375293,AVAILABLE,,SCHEDULED_FALLBACK,2026-01-21T02:00:00Z,126,0.42316,0.079057,0.047867,0.004437,0.427597
P:295766fae22f719912a8,2025020702,TOTAL,OVER,6.5,,synthbook,DEV_SYNTHETIC,2026-01-20T22:20:00Z,110,0.455617,AVAILABLE,,SCHEDULED_FALLBACK,2026-01-21T02:00:00Z,112,0.451668,-0.051498,-0.003949,0.070881,0.522549
P:2992b19b49d41efd3d0f,2025020705,PUCK_LINE,AWAY,-1.5,,synthbook,DEV_SYNTHETIC,2026-01-20T14:00:00Z,233,0.287494,AVAILABLE,,SCHEDULED_FALLBACK,2026-01-20T23:00:00Z,231,0.289093,-0.037322,0.001599,-0.025354,0.263739
P:2996169ddbb7e7fcbed3,2025020705,REG_3WAY,AWAY,,,synthbook,DEV_SYNTHETIC,2026-01-20T14:00:00Z,139,0.398464,AVAILABLE,,SCHEDULED_FALLBACK,2026-01-20T23:00:00Z,149,0.382572,-0.085654,-0.015892,-0.000859,0.381713
P:2e24a2a31068cfa47903,2025020704,REG_3WAY,DRAW,,,synthbook,DEV_SYNTHETIC,2026-01-20T14:00:00Z,347,0.212957,AVAILABLE,,SCHEDULED_FALLBACK,2026-01-21T02:00:00Z,297,0.239824,0.072014,0.026867,-0.016673,0.223151
P:2ebefe32fff0bc4bf921,2025020704,TEAM_TOTAL,UNDER,2.5,WPG,synthbook,DEV_SYNTHETIC,2026-01-20T14:00:00Z,157,0.372185,AVAILABLE,,SCHEDULED_FALLBACK,2026-01-21T02:00:00Z,143,0.393718,0.011855,0.021533,-0.009873,0.383845
P:33804d18a4161753c67f,2025020703,PUCK_LINE,HOME,-1.5,,synthbook,DEV_SYNTHETIC,2026-01-20T20:30:00Z,222,0.297299,AVAILABLE,,SCHEDULED_FALLBACK,2026-01-21T02:00:00Z,196,0.323154,0.040555,0.025855,0.016818,0.339972
P:34b2f1bcb55435ee1cd7,2025020705,REG_3WAY,HOME,,,synthbook,DEV_SYNTHETIC,2026-01-20T20:30:00Z,143,0.391671,AVAILABLE,,SCHEDULED_FALLBACK,2026-01-20T23:00:00Z,140,0.396918,-0.035489,0.005247,0.002485,0.399403
P:36c4131d8262d0665b79,2025020704,ML,HOME,,,synthbook,DEV_SYNTHETIC,2026-01-20T20:30:00Z,104,0.469641,AVAILABLE,,SCHEDULED_FALLBACK,2026-01-21T02:00:00Z,-116,0.513007,0.046535,0.043366,-0.005499,0.507508
P:3bb9181b71eb833c7cdf,2025020705,ML,AWAY,,,synthbook,DEV_SYNTHETIC,2026-01-20T14:00:00Z,-129,0.539532,AVAILABLE,,SCHEDULED_FALLBACK,2026-01-20T23:00:00Z,-115,0.512003,-0.091095,-0.027529,-0.028254,0.483749
P:3cc6bed8bdc7dfd5f66c,2025020706,TEAM_TOTAL,UNDER,2.5,WSH,synthbook,DEV_SYNTHETIC,2026-01-20T20:30:00Z,140,0.398755,AVAILABLE,,SCHEDULED_FALLBACK,2026-01-20T23:00:00Z,144,0.391738,-0.059829,-0.007017,0.009493,0.401231
P:3d6e197ff9c1a12ad5ca,2025020705,TEAM_TOTAL,OVER,2.5,BUF,synthbook,DEV_SYNTHETIC,2026-01-20T20:30:00Z,-150,0.573379,AVAILABLE,,SCHEDULED_FALLBACK,2026-01-20T23:00:00Z,-182,0.617368,0.028946,0.043989,-0.030004,0.587364
P:3dc1239e019edbf31f50,2025020703,ML,AWAY,,,synthbook,DEV_SYNTHETIC,2026-01-20T14:00:00Z,122,0.430809,AVAILABLE,,SCHEDULED_FALLBACK,2026-01-21T02:00:00Z,106,0.463716,0.02945,0.032907,-0.049209,0.414507
P:3e22d7d90495a24c8109,2025020705,REG_3WAY,AWAY,,,synthbook,DEV_SYNTHETIC,2026-01-20T21:50:00Z,139,0.398227,AVAILABLE,,SCHEDULED_FALLBACK,2026-01-20T23:00:00Z,149,0.382572,-0.085654,-0.015655,-0.004912,0.37766
P:3ef7727e858cbe044851,2025020705,REG_3WAY,HOME,,,synthbook,DEV_SYNTHETIC,2026-01-20T14:00:00Z,179,0.341337,AVAILABLE,,SCHEDULED_FALLBACK,2026-01-20T23:00:00Z,140,0.396918,0.107402,0.055581,0.002485,0.399403
P:401cbe289b3e94c7801a,2025020705,TEAM_TOTAL,UNDER,2.5,BUF,synthbook,DEV_SYNTHETIC,2026-01-20T22:20:00Z,160,0.368236,AVAILABLE,,SCHEDULED_FALLBACK,2026-01-20T23:00:00Z,150,0.382632,-0.005156,0.014396,0.029866,0.412498
P:4123fdc9ac0a34595946,2025020705,REG_3WAY,DRAW,,,synthbook,DEV_SYNTHETIC,2026-01-20T14:00:00Z,266,0.260199,AVAILABLE,,SCHEDULED_FALLBACK,2026-01-20T23:00:00Z,332,0.22051,-0.192933,-0.039689,-0.001626,0.218884
P:434d2536ee6bd9fb42f9,2025020706,REG_3WAY,DRAW,,,synthbook,DEV_SYNTHETIC,2026-01-20T20:30:00Z,306,0.234623,AVAILABLE,,SCHEDULED_FALLBACK,2026-01-20T23:00:00Z,333,0.219791,-0.107648,-0.014832,0.003286,0.223077
P:4455e4f4b56b81a63362,2025020703,REG_3WAY,DRAW,,,synthbook,DEV_SYNTHETIC,2026-01-20T14:00:00Z,267,0.259345,AVAILABLE,,SCHEDULED_FALLBACK,2026-01-21T02:00:00Z,292,0.242591,-0.109692,-0.016754,-0.021497,0.221094
P:44f2bfcfa9d460e0fbf3,2025020703,ML,AWAY,,,synthbook,DEV_SYNTHETIC,2026-01-20T20:30:00Z,-108,0.49673,AVAILABLE,,SCHEDULED_FALLBACK,2026-01-21T02:00:00Z,106,0.463716,-0.106917,-0.033014,-0.043208,0.420508
P:46814fa39aa0cba89907,2025020705,TOTAL,UNDER,6.5,,synthbook,DEV_SYNTHETIC,2026-01-20T14:00:00Z,-162,0.592345,AVAILABLE,,SCHEDULED_FALLBACK,2026-01-20T23:00:00Z,-132,0.544383,-0.119578,-0.047962,0.01958,0.563963
P:47e704d0edd2ca9fb9d6,2025020705,TEAM_TOTAL,UNDER,2.5,NSH,synthbook,DEV_SYNTHETIC,2026-01-20T20:30:00Z,130,0.41579,AVAILABLE,,SCHEDULED_FALLBACK,2026-01-20T23:00:00Z,131,0.414138,-0.047481,-0.001652,-0.026665,0.387473
P:49098499b9edd1a4e5b9,2025020702,TOTAL,UNDER,6.5,,synthbook,DEV_SYNTHETIC,2026-01-20T22:20:00Z,-132,0.544383,AVAILABLE,,SCHEDULED_FALLBACK,2026-01-21T02:00:00Z,-134,0.548332,-0.036264,0.003949,-0.070881,0.477451
P:497b7d312cdcb9b438d0,2025020706,TEAM_TOTAL,UNDER,2.5,DET,synthbook,DEV_SYNTHETIC,2026-01-20T21:50:00Z,177,0.345612,AVAILABLE,,SCHEDULED_FALLBACK,2026-01-20T23:00:00Z,193,0.326463,-0.095698,-0.019149,0.02167,0.348133
P:4aacae45eb3b7ea8a6ee,2025020705,TEAM_TOTAL,UNDER,2.5,NSH,synthbook,DEV_SYNTHETIC,2026-01-20T21:50:00Z,130,0.41579,AVAILABLE,,SCHEDULED_FALLBACK,2026-01-20T23:00:00Z,131,0.414138,-0.047481,-0.001652,-0.033339,0.380799
P:4dc754fdf44d6a7a5060,2025020706,ML,HOME,,,synthbook,DEV_SYNTHETIC,2026-01-20T14:00:00Z,-125,0.53125,AVAILABLE,,SCHEDULED_FALLBACK,2026-01-20T23:00:00Z,-115,0.512003,-0.078394,-0.019247,0.022808,0.534811
P:4e1fc20fc99eef236f59,2025020702,TEAM_TOTAL,UNDER,2.5,COL,synthbook,DEV_SYNTHETIC,2026-01-20T20:30:00Z,200,0.318934,AVAILABLE,,SCHEDULED_FALLBACK,2026-01-21T02:00:00Z,159,0.369544,0.108631,0.05061,-0.01067,0.358874
P:4ffe25cd908fd9397cb6,2025020702,REG_3WAY,HOME,,,synthbook,DEV_SYNTHETIC,2026-01-20T20:30:00Z,165,0.359364,AVAILABLE,,SCHEDULED_FALLBACK,2026-01-21T02:00:00Z,136,0.403601,0.069542,0.044237,-0.023905,0.379696
P:51e819c918f85a09cb18,2025020704,PUCK_LINE,HOME,-1.5,,synthbook,DEV_SYNTHETIC,2026-01-20T14:00:00Z,210,0.308521,AVAILABLE,,SCHEDULED_FALLBACK,2026-01-21T02:00:00Z,244,0.278341,-0.137141,-0.03018,-0.006724,0.271617
P:534f2dd68a27978cb683,2025020705,PUCK_LINE,HOME,1.5,,synthbook,DEV_SYNTHETIC,2026-01-20T22:20:00Z,-344,0.741379,AVAILABLE,,SCHEDULED_FALLBACK,2026-01-20T23:00:00Z,-289,0.710907,-0.082433,-0.030472,0.029402,0.740309
P:53ec09267da496be3172,2025020706,ML,HOME,,,synthbook,DEV_SYNTHETIC,2026-01-20T22:20:00Z,105,0.467532,AVAILABLE,,SCHEDULED_FALLBACK,2026-01-20T23:00:00Z,-115,0.512003,0.049607,0.044471,0.039424,0.551427
P:53fee8c3f8f712887359,2025020704,REG_3WAY,AWAY,,,synthbook,DEV_SYNTHETIC,2026-01-20T14:00:00Z,147,0.385391,AVAILABLE,,SCHEDULED_FALLBACK,2026-01-21T02:00:00Z,175,0.346219,-0.14484,-0.039172,0.037089,0.383308
P:55562820c3b984d63942,2025020706,TOTAL,UNDER,6.5,,synthbook,DEV_SYNTHETIC,2026-01-20T14:00:00Z,-125,0.532468,AVAILABLE,,SCHEDULED_FALLBACK,2026-01-20T23:00:00Z,-130,0.541559,-0.025194,0.009091,-0.008497,0.533062
P:55cad92a9a36a781c09a,2025020703,TOTAL,OVER,6.5,,synthbook,DEV_SYNTHETIC,2026-01-20T14:00:00Z,-103,0.484816,AVAILABLE,,SCHEDULED_FALLBACK,2026-01-21T02:00:00Z,116,0.443216,-0.126476,-0.0416,0.011949,0.455165
P:57e5514d3f91b2768033,2025020706,REG_3WAY,AWAY,,,synthbook,DEV_SYNTHETIC,2026-01-20T20:30:00Z,177,0.343887,AVAILABLE,,SCHEDULED_FALLBACK,2026-01-20T23:00:00Z,156,0.371756,0.029764,0.027869,-0.021182,0.350574
P:58419ade3fc95e401d1f,2025020705,TEAM_TOTAL,UNDER,2.5,NSH,synthbook,DEV_SYNTHETIC,2026-01-20T22:20:00Z,135,0.407089,AVAILABLE,,SCHEDULED_FALLBACK,2026-01-20T23:00:00Z,131,0.414138,-0.026775,0.007049,-0.033339,0.380799
P:584318f1afaa276f770c,2025020705,REG_3WAY,DRAW,,,synthbook,DEV_SYNTHETIC,2026-01-20T21:50:00Z,353,0.210102,AVAILABLE,,SCHEDULED_FALLBACK,2026-01-20T23:00:00Z,332,0.22051,-0.001089,0.010408,-0.003032,0.217478
P:58616ea3c8331a12d4d8,2025020704,TEAM_TOTAL,UNDER,2.5,SJS,synthbook,DEV_SYNTHETIC,2026-01-20T20:30:00Z,151,0.381232,AVAILABLE,,SCHEDULED_FALLBACK,2026-01-21T02:00:00Z,121,0.433283,0.087541,0.052051,-0.049425,0.383858
P:58b3ec2d2aa488b21b8c,2025020705,TEAM_TOTAL,UNDER,2.5,BUF,synthbook,DEV_SYNTHETIC,2026-01-20T14:00:00Z,115,0.445109,AVAILABLE,,SCHEDULED_FALLBACK,2026-01-20T23:00:00Z,150,0.382632,-0.177341,-0.062477,0.030004,0.412636
P:59651cd02103aeec7947,2025020706,PUCK_LINE,HOME,-1.5,,synthbook,DEV_SYNTHETIC,2026-01-20T21:50:00Z,211,0.307609,AVAILABLE,,SCHEDULED_FALLBACK,2026-01-20T23:00:00Z,202,0.31699,-0.01416,0.009381,-0.010003,0.306987
P:59d9aa59acb8436ceb42,2025020702,REG_3WAY,DRAW,,,synthbook,DEV_SYNTHETIC,2026-01-20T22:20:00Z,278,0.251935,AVAILABLE,,SCHEDULED_FALLBACK,2026-01-21T02:00:00Z,270,0.257432,-0.026907,0.005497,-0.021131,0.236301
P:5a215223daa4b1357713,2025020702,REG_3WAY,HOME,,,synthbook,DEV_SYNTHETIC,2026-01-20T14:00:00Z,149,0.382738,AVAILABLE,,SCHEDULED_FALLBACK,2026-01-21T02:00:00Z,136,0.403601,0.004966,0.020863,-0.023905,0.379696
P:5a53c5d4e436a858ca31,2025020705,ML,HOME,,,synthbook,DEV_SYNTHETIC,2026-01-20T14:00:00Z,108,0.460468,AVAILABLE,,SCHEDULED_FALLBACK,2026-01-20T23:00:00Z,-104,0.487997,0.015033,0.027529,0.028254,0.516251
P:5a89de4f097584d9eb4d,2025020705,ML,HOME,,,synthbook,DEV_SYNTHETIC,2026-01-20T22:20:00Z,-107,0.49455,AVAILABLE,,SCHEDULED_FALLBACK,2026-01-20T23:00:00Z,-104,0.487997,-0.055932,-0.006553,0.033475,0.521472
P:5a8cc27f41012ff87ec0,2025020703,TEAM_TOTAL,OVER,2.5,CGY,synthbook,DEV_SYNTHETIC,2026-01-20T14:00:00Z,-181,0.616905,AVAILABLE,,SCHEDULED_FALLBACK,2026-01-21T02:00:00Z,-152,0.57684,-0.104463,-0.040065,-0.014433,0.562407
P:5c2aa2ed23876e5da03a,2025020702,PUCK_LINE,AWAY,1.5,,synthbook,DEV_SYNTHETIC,2026-01-20T14:00:00Z,-300,0.717713,AVAILABLE,,SCHEDULED_FALLBACK,2026-01-21T02:00:00Z,-305,0.720911,-0.038785,0.003198,0.016962,0.737873
P:5e7b73c717ad210fd582,2025020706,TOTAL,OVER,6.5,,synthbook,DEV_SYNTHETIC,2026-01-20T21:50:00Z,-115,0.512003,AVAILABLE,,SCHEDULED_FALLBACK,2026-01-20T23:00:00Z,109,0.458441,-0.142914,-0.053562,-0.001548,0.456893
P:5eb01ec3a0453f636a8a,2025020702,ML,AWAY,,,synthbook,DEV_SYNTHETIC,2026-01-20T20:30:00Z,-119,0.519549,AVAILABLE,,SCHEDULED_FALLBACK,2026-01-21T02:00:00Z,-105,0.490183,-0.097898,-0.029366,0.018394,0.508577
P:607fadf65104bb48da64,2025020704,TEAM_TOTAL,OVER,2.5,SJS,synthbook,DEV_SYNTHETIC,2026-01-20T20:30:00Z,-183,0.618768,AVAILABLE,,SCHEDULED_FALLBACK,2026-01-21T02:00:00Z,-145,0.566717,-0.123602,-0.052051,0.049425,0.616142
P:60ddbc5976569e6456ce,2025020704,TOTAL,OVER,6.5,,synthbook,DEV_SYNTHETIC,2026-01-20T14:00:00Z,167,0.358576,AVAILABLE,,SCHEDULED_FALLBACK,2026-01-21T02:00:00Z,130,0.41579,0.11016,0.057214,0.031303,0.447093
P:61a4bb6be1061d2921a5,2025020702,TEAM_TOTAL,UNDER,2.5,OTT,synthbook,DEV_SYNTHETIC,2026-01-20T14:00:00Z,126,0.4238,AVAILABLE,,SCHEDULED_FALLBACK,2026-01-21T02:00:00Z,135,0.407655,-0.078699,-0.016145,-0.068721,0.338934
P:61c4b7e1b2e330d05a20,2025020706,TEAM_TOTAL,OVER,2.5,DET,synthbook,DEV_SYNTHETIC,2026-01-20T21:50:00Z,-216,0.654388,AVAILABLE,,SCHEDULED_FALLBACK,2026-01-20T23:00:00Z,-238,0.673537,-0.01464,0.019149,-0.02167,0.651867
P:644cf79a2b7a5c2cd8d5,2025020706,TOTAL,UNDER,6.5,,synthbook,DEV_SYNTHETIC,2026-01-20T20:30:00Z,-104,0.487997,AVAILABLE,,SCHEDULED_FALLBACK,2026-01-20T23:00:00Z,-130,0.541559,0.062288,0.053562,-0.012824,0.528735
P:66b8a9de8a3d9e9a5fc6,2025020706,PUCK_LINE,HOME,-1.5,,synthbook,DEV_SYNTHETIC,2026-01-20T22:20:00Z,198,0.321159,AVAILABLE,,SCHEDULED_FALLBACK,2026-01-20T23:00:00Z,202,0.31699,-0.055369,-0.004169,-0.010003,0.306987
P:69e01e59ab482081ea89,2025020702,TEAM_TOTAL,OVER,2.5,OTT,synthbook,DEV_SYNTHETIC,2026-01-20T20:30:00Z,-213,0.650911,AVAILABLE,,SCHEDULED_FALLBACK,2026-01-21T02:00:00Z,-162,0.592345,-0.129559,-0.058566,0.068721,0.661066
P:6a1b81d97be8eb595030,2025020706,ML,AWAY,,,synthbook,DEV_SYNTHETIC,2026-01-20T22:20:00Z,-125,0.532468,AVAILABLE,,SCHEDULED_FALLBACK,2026-01-20T23:00:00Z,-104,0.487997,-0.121606,-0.044471,-0.039424,0.448573
P:6beef77c910c9283adb8,2025020706,TEAM_TOTAL,OVER,2.5,DET,synthbook,DEV_SYNTHETIC,2026-01-20T14:00:00Z,-169,0.601245,AVAILABLE,,SCHEDULED_FALLBACK,2026-01-20T23:00:00Z,-238,0.673537,0.07208,0.072292,-0.027164,0.646373
P:6d62079acfefe0ee53fd,2025020706,ML,AWAY,,,synthbook,DEV_SYNTHETIC,2026-01-20T14:00:00Z,104,0.46875,AVAILABLE,,SCHEDULED_FALLBACK,2026-01-20T23:00:00Z,-104,0.487997,-0.004487,0.019247,-0.022808,0.465189
P:6f42ac71d43d0c9528ca,2025020702,ML,AWAY,,,synthbook,DEV_SYNTHETIC,2026-01-20T14:00:00Z,112,0.451668,AVAILABLE,,SCHEDULED_FALLBACK,2026-01-21T02:00:00Z,-105,0.490183,0.039188,0.038515,0.018394,0.508577
P:716863a3efa72726947c,2025020702,TEAM_TOTAL,UNDER,2.5,OTT,synthbook,DEV_SYNTHETIC,2026-01-20T20:30:00Z,174,0.349089,AVAILABLE,,SCHEDULED_FALLBACK,2026-01-21T02:00:00Z,135,0.407655,0.116975,0.058566,-0.068721,0.338934
P:71c22f64c91b1d876a25,2025020705,TEAM_TOTAL,UNDER,2.5,NSH,synthbook,DEV_SYNTHETIC,2026-01-20T14:00:00Z,123,0.429036,AVAILABLE,,SCHEDULED_FALLBACK,2026-01-20T23:00:00Z,131,0.414138,-0.076471,-0.014898,-0.026665,0.387473
P:769a53b1dcab93392e30,2025020704,TOTAL,UNDER,6.5,,synthbook,DEV_SYNTHETIC,2026-01-20T20:30:00Z,-168,0.599713,AVAILABLE,,SCHEDULED_FALLBACK,2026-01-21T02:00:00Z,-157,0.58421,-0.068046,-0.015503,-0.031303,0.552907
P:76e6adfc2dbe0c800194,2025020702,TEAM_TOTAL,OVER,2.5,COL,synthbook,DEV_SYNTHETIC,2026-01-20T14:00:00Z,-109,0.49891,AVAILABLE,,SCHEDULED_FALLBACK,2026-01-21T02:00:00Z,-193,0.630456,0.208857,0.131546,0.01067,0.641126
P:77803d16d3d3bd32d8e0,2025020706,PUCK_LINE,AWAY,1.5,,synthbook,DEV_SYNTHETIC,2026-01-20T22:20:00Z,-244,0.678841,AVAILABLE,,SCHEDULED_FALLBACK,2026-01-20T23:00:00Z,-249,0.68301,-0.037068,0.004169,0.010003,0.693013
P:7799717ec62b0a14b19d,2025020703,ML,HOME,,,synthbook,DEV_SYNTHETIC,2026-01-20T14:00:00Z,-147,0.569191,AVAILABLE,,SCHEDULED_FALLBACK,2026-01-21T02:00:00Z,-128,0.536284,-0.098897,-0.032907,0.049209,0.585493
P:79cba72d0ca35c654145,2025020704,TEAM_TOTAL,OVER,2.5,WPG,synthbook,DEV_SYNTHETIC,2026-01-20T20:30:00Z,-205,0.643024,AVAILABLE,,SCHEDULED_FALLBACK,2026-01-21T02:00:00Z,-173,0.606282,-0.09797,-0.036742,0.009873,0.616155
P:7a0db65134a8b13d6ed0,2025020706,REG_3WAY,AWAY,,,synthbook,DEV_SYNTHETIC,2026-01-20T22:20:00Z,172,0.350139,AVAILABLE,,SCHEDULED_FALLBACK,2026-01-20T23:00:00Z,156,0.371756,0.011176,0.021617,-0.034556,0.3372
P:7a65ee645541c727d7a9,2025020706,REG_3WAY,DRAW,,,synthbook,DEV_SYNTHETIC,2026-01-20T21:50:00Z,306,0.234623,AVAILABLE,,SCHEDULED_FALLBACK,2026-01-20T23:00:00Z,333,0.219791,-0.107648,-0.014832,0.005822,0.225613
P:7ba8839786e1eb6aafe0,2025020702,PUCK_LINE,HOME,-1.5,,synthbook,DEV_SYNTHETIC,2026-01-20T22:20:00Z,240,0.281522,AVAILABLE,,SCHEDULED_FALLBACK,2026-01-21T02:00:00Z,243,0.279089,-0.051097,-0.002433,0.000911,0.28
P:7be9acdf95a97b8faa01,2025020705,TOTAL,UNDER,6.5,,synthbook,DEV_SYNTHETIC,2026-01-20T20:30:00Z,-143,0.563083,AVAILABLE,,SCHEDULED_FALLBACK,2026-01-20T23:00:00Z,-132,0.544383,-0.074929,-0.0187,0.01958,0.563963
P:7da2a7c2f475add8fc51,2025020704,TEAM_TOTAL,OVER,2.5,WPG,synthbook,DEV_SYNTHETIC,2026-01-20T14:00:00Z,-191,0.627815,AVAILABLE,,SCHEDULED_FALLBACK,2026-01-21T02:00:00Z,-173,0.606282,-0.076293,-0.021533,0.009873,0.616155
P:7db46ba8cff24dbb1f30,2025020706,TEAM_TOTAL,OVER,2.5,WSH,synthbook,DEV_SYNTHETIC,2026-01-20T21:50:00Z,-169,0.601245,AVAILABLE,,SCHEDULED_FALLBACK,2026-01-20T23:00:00Z,-175,0.608262,-0.031819,0.007017,-0.029142,0.57912
P:7ec95d8a4c67eea3107d,2025020705,ML,HOME,,,synthbook,DEV_SYNTHETIC,2026-01-20T20:30:00Z,106,0.463716,AVAILABLE,,SCHEDULED_FALLBACK,2026-01-20T23:00:00Z,-104,0.487997,0.005273,0.024281,0.028254,0.516251
P:7fe3ca7fbe98712188db,2025020703,TOTAL,OVER,6.5,,synthbook,DEV_SYNTHETIC,2026-01-20T20:30:00Z,128,0.420378,AVAILABLE,,SCHEDULED_FALLBACK,2026-01-21T02:00:00Z,116,0.443216,0.010533,0.022838,0.018794,0.46201
P:802df23b9d4db5c33b22,2025020704,REG_3WAY,HOME,,,synthbook,DEV_SYNTHETIC,2026-01-20T20:30:00Z,124,0.42519,AVAILABLE,,SCHEDULED_FALLBACK,2026-01-21T02:00:00Z,130,0.413957,-0.072736,-0.011233,-0.020416,0.393541
P:8108127ba6754d7bfb2b,2025020704,ML,AWAY,,,synthbook,DEV_SYNTHETIC,2026-01-20T20:30:00Z,-124,0.530359,AVAILABLE,,SCHEDULED_FALLBACK,2026-01-21T02:00:00Z,-104,0.486993,-0.120271,-0.043366,0.005499,0.492492
P:82045adee0279717279a,2025020705,TOTAL,UNDER,6.5,,synthbook,DEV_SYNTHETIC,2026-01-20T21:50:00Z,-143,0.563083,AVAILABLE,,SCHEDULED_FALLBACK,2026-01-20T23:00:00Z,-132,0.544383,-0.074929,-0.0187,0.014133,0.558516
P:833c6a3d98d5bda13619,2025020702,TEAM_TOTAL,UNDER,2.5,OTT,synthbook,DEV_SYNTHETIC,2026-01-20T22:20:00Z,174,0.349089,AVAILABLE,,SCHEDULED_FALLBACK,2026-01-21T02:00:00Z,135,0.407655,0.116975,0.058566,-0.070322,0.337333
P:8459fc2fce4acf7bd326,2025020706,ML,HOME,,,synthbook,DEV_SYNTHETIC,2026-01-20T20:30:00Z,100,0.478261,AVAILABLE,,SCHEDULED_FALLBACK,2026-01-20T23:00:00Z,-115,0.512003,0.024007,0.033742,0.026921,0.538924
P:85133784be19618f4bff,2025020702,TEAM_TOTAL,UNDER,2.5,COL,synthbook,DEV_SYNTHETIC,2026-01-20T22:20:00Z,200,0.318934,AVAILABLE,,SCHEDULED_FALLBACK,2026-01-21T02:00:00Z,159,0.369544,0.108631,0.05061,-0.031211,0.338333
P:8608eb260876e906ba56,2025020705,TEAM_TOTAL,OVER,2.5,NSH,synthbook,DEV_SYNTHETIC,2026-01-20T20:30:00Z,-157,0.58421,AVAILABLE,,SCHEDULED_FALLBACK,2026-01-20T23:00:00Z,-158,0.585862,-0.040978,0.001652,0.026665,0.612527
P:86e25df62b680afb141d,2025020706,TEAM_TOTAL,UNDER,2.5,DET,synthbook,DEV_SYNTHETIC,2026-01-20T14:00:00Z,140,0.398755,AVAILABLE,,SCHEDULED_FALLBACK,2026-01-20T23:00:00Z,193,0.326463,-0.216489,-0.072292,0.027164,0.353627
P:8759b7d2c1d43e65e999,2025020706,REG_3WAY,AWAY,,,synthbook,DEV_SYNTHETIC,2026-01-20T14:00:00Z,122,0.428616,AVAILABLE,,SCHEDULED_FALLBACK,2026-01-20T23:00:00Z,156,0.371756,-0.174702,-0.05686,-0.017707,0.354049
P:8a324037e565980500ed,2025020706,TOTAL,OVER,6.5,,synthbook,DEV_SYNTHETIC,2026-01-20T22:20:00Z,120,0.435093,AVAILABLE,,SCHEDULED_FALLBACK,2026-01-20T23:00:00Z,109,0.458441,0.008571,0.023348,-0.001548,0.456893
P:8a65a8f012709a81e7c6,2025020705,REG_3WAY,HOME,,,synthbook,DEV_SYNTHETIC,2026-01-20T22:20:00Z,134,0.406992,AVAILABLE,,SCHEDULED_FALLBACK,2026-01-20T23:00:00Z,140,0.396918,-0.071211,-0.010074,0.007944,0.404862
P:8ad7ad1f672e5cf1339c,2025020705,TOTAL,OVER,6.5,,synthbook,DEV_SYNTHETIC,2026-01-20T20:30:00Z,119,0.436917,AVAILABLE,,SCHEDULED_FALLBACK,2026-01-20T23:00:00Z,110,0.455617,-0.0022,0.0187,-0.01958,0.436037
P:8cb9ca9966185df34c75,2025020703,TEAM_TOTAL,UNDER,2.5,EDM,synthbook,DEV_SYNTHETIC,2026-01-20T20:30:00Z,185,0.335746,AVAILABLE,,SCHEDULED_FALLBACK,2026-01-21T02:00:00Z,160,0.368236,0.049474,0.03249,-0.047114,0.321122
P:8d3795ed85283bc81b8b,2025020706,REG_3WAY,HOME,,,synthbook,DEV_SYNTHETIC,2026-01-20T20:30:00Z,126,0.42149,AVAILABLE,,SCHEDULED_FALLBACK,2026-01-20T23:00:00Z,133,0.408453,-0.076896,-0.013037,0.017896,0.426349
P:8e1c2def4350f0c3b987,2025020706,TEAM_TOTAL,UNDER,2.5,WSH,synthbook,DEV_SYNTHETIC,2026-01-20T21:50:00Z,140,0.398755,AVAILABLE,,SCHEDULED_FALLBACK,2026-01-20T23:00:00Z,144,0.391738,-0.059829,-0.007017,0.029142,0.42088
P:8efbd57968cfbbbaadf3,2025020705,REG_3WAY,HOME,,,synthbook,DEV_SYNTHETIC,2026-01-20T21:50:00Z,143,0.391671,AVAILABLE,,SCHEDULED_FALLBACK,2026-01-20T23:00:00Z,140,0.396918,-0.035489,0.005247,0.007944,0.404862
P:8f177f79b1148c9d33c8,2025020702,REG_3WAY,DRAW,,,synthbook,DEV_SYNTHETIC,2026-01-20T20:30:00Z,278,0.251935,AVAILABLE,,SCHEDULED_FALLBACK,2026-01-21T02:00:00Z,270,0.257432,-0.026907,0.005497,-0.019118,0.238314
P:91698b54c564813e695b,2025020705,REG_3WAY,DRAW,,,synthbook,DEV_SYNTHETIC,2026-01-20T20:30:00Z,353,0.210102,AVAILABLE,,SCHEDULED_FALLBACK,2026-01-20T23:00:00Z,332,0.22051,-0.001089,0.010408,-0.001626,0.218884
P:9290340f5ba315bb99dc,2025020706,TEAM_TOTAL,OVER,2.5,DET,synthbook,DEV_SYNTHETIC,2026-01-20T22:20:00Z,-184,0.620158,AVAILABLE,,SCHEDULED_FALLBACK,2026-01-20T23:00:00Z,-238,0.673537,0.03959,0.053379,-0.02167,0.651867
P:97f4655abc92207b2d39,2025020702,PUCK_LINE,HOME,-1.5,,synthbook,DEV_SYNTHETIC,2026-01-20T14:00:00Z,239,0.282287,AVAILABLE,,SCHEDULED_FALLBACK,2026-01-21T02:00:00Z,243,0.279089,-0.053888,-0.003198,-0.016962,0.262127
P:98ba10904beed0bc3f90,2025020705,PUCK_LINE,HOME,1.5,,synthbook,DEV_SYNTHETIC,2026-01-20T21:50:00Z,-354,0.746167,AVAILABLE,,SCHEDULED_FALLBACK,2026-01-20T23:00:00Z,-289,0.710907,-0.088271,-0.03526,0.029402,0.740309
P:99f06aa8e25f76ca5135,2025020702,TEAM_TOTAL,UNDER,2.5,COL,synthbook,DEV_SYNTHETIC,2026-01-20T14:00:00Z,-110,0.50109,AVAILABLE,,SCHEDULED_FALLBACK,2026-01-21T02:00:00Z,159,0.369544,-0.294508,-0.131546,-0.01067,0.358874
P:9f4aa1e5d116f6890b51,2025020705,TEAM_TOTAL,UNDER,2.5,BUF,synthbook,DEV_SYNTHETIC,2026-01-20T21:50:00Z,124,0.426621,AVAILABLE,,SCHEDULED_FALLBACK,2026-01-20T23:00:00Z,150,0.382632,-0.142904,-0.043989,0.029866,0.412498
P:a0d3a3b37519c3b383c1,2025020702,REG_3WAY,DRAW,,,synthbook,DEV_SYNTHETIC,2026-01-20T14:00:00Z,278,0.252121,AVAILABLE,,SCHEDULED_FALLBACK,2026-01-21T02:00:00Z,270,0.257432,-0.026907,0.005311,-0.019118,0.238314
P:a121ef3c9919ed355c4c,2025020704,TEAM_TOTAL,OVER,2.5,SJS,synthbook,DEV_SYNTHETIC,2026-01-20T14:00:00Z,-164,0.594495,AVAILABLE,,SCHEDULED_FALLBACK,2026-01-21T02:00:00Z,-145,0.566717,-0.087724,-0.027778,0.049425,0.616142
P:a18b1bc7e5580302150c,2025020704,REG_3WAY,DRAW,,,synthbook,DEV_SYNTHETIC,2026-01-20T20:30:00Z,308,0.233438,AVAILABLE,,SCHEDULED_FALLBACK,2026-01-21T02:00:00Z,297,0.239824,-0.021518,0.006386,-0.016673,0.223151
P:a28e99df7d7be6865be1,2025020702,REG_3WAY,HOME,,,synthbook,DEV_SYNTHETIC,2026-01-20T22:20:00Z,165,0.359364,AVAILABLE,,SCHEDULED_FALLBACK,2026-01-21T02:00:00Z,136,0.403601,0.069542,0.044237,-0.003751,0.39985
P:a306722fe16afdbfac41,2025020704,REG_3WAY,AWAY,,,synthbook,DEV_SYNTHETIC,2026-01-20T20:30:00Z,179,0.341372,AVAILABLE,,SCHEDULED_FALLBACK,2026-01-21T02:00:00Z,175,0.346219,-0.03405,0.004847,0.037089,0.383308
P:a483366460d0cfcc7d2f,2025020706,REG_3WAY,HOME,,,synthbook,DEV_SYNTHETIC,2026-01-20T21:50:00Z,126,0.42149,AVAILABLE,,SCHEDULED_FALLBACK,2026-01-20T23:00:00Z,133,0.408453,-0.076896,-0.013037,0.028734,0.437187
P:a4908ca00e944548241f,2025020703,REG_3WAY,HOME,,,synthbook,DEV_SYNTHETIC,2026-01-20T20:30:00Z,102,0.471737,AVAILABLE,,SCHEDULED_FALLBACK,2026-01-21T02:00:00Z,122,0.428359,-0.134716,-0.043378,0.035687,0.464046
P:a4d39eca1d7a36f619ca,2025020705,TEAM_TOTAL,OVER,2.5,NSH,synthbook,DEV_SYNTHETIC,2026-01-20T21:50:00Z,-157,0.58421,AVAILABLE,,SCHEDULED_FALLBACK,2026-01-20T23:00:00Z,-158,0.585862,-0.040978,0.001652,0.033339,0.619201
P:a6140efce6e5d70ee0b4,2025020705,TEAM_TOTAL,UNDER,2.5,BUF,synthbook,DEV_SYNTHETIC,2026-01-20T20:30:00Z,124,0.426621,AVAILABLE,,SCHEDULED_FALLBACK,2026-01-20T23:00:00Z,150,0.382632,-0.142904,-0.043989,0.030004,0.412636
P:a65f1560d3db34b94162,2025020706,REG_3WAY,HOME,,,synthbook,DEV_SYNTHETIC,2026-01-20T22:20:00Z,137,0.401847,AVAILABLE,,SCHEDULED_FALLBACK,2026-01-20T23:00:00Z,133,0.408453,-0.031967,0.006606,0.028734,0.437187
P:a75883330ee84342a584,2025020706,ML,HOME,,,synthbook,DEV_SYNTHETIC,2026-01-20T21:50:00Z,100,0.478261,AVAILABLE,,SCHEDULED_FALLBACK,2026-01-20T23:00:00Z,-115,0.512003,0.024007,0.033742,0.039424,0.551427
P:a9547618c67909c613e4,2025020704,REG_3WAY,HOME,,,synthbook,DEV_SYNTHETIC,2026-01-20T14:00:00Z,137,0.401652,AVAILABLE,,SCHEDULED_FALLBACK,2026-01-21T02:00:00Z,130,0.413957,-0.018921,0.012305,-0.020416,0.393541
P:ab86b41c8c2e58549d96,2025020706,TOTAL,OVER,6.5,,synthbook,DEV_SYNTHETIC,2026-01-20T14:00:00Z,105,0.467532,AVAILABLE,,SCHEDULED_FALLBACK,2026-01-20T23:00:00Z,109,0.458441,-0.060195,-0.009091,0.008497,0.466938
P:abe6a032cb5744fdb197,2025020702,TOTAL,OVER,6.5,,synthbook,DEV_SYNTHETIC,2026-01-20T20:30:00Z,110,0.455617,AVAILABLE,,SCHEDULED_FALLBACK,2026-01-21T02:00:00Z,112,0.451668,-0.051498,-0.003949,0.056209,0.507877
P:aeaec1bc610c5f49d748,2025020705,TEAM_TOTAL,OVER,2.5,BUF,synthbook,DEV_SYNTHETIC,2026-01-20T21:50:00Z,-150,0.573379,AVAILABLE,,SCHEDULED_FALLBACK,2026-01-20T23:00:00Z,-182,0.617368,0.028946,0.043989,-0.029866,0.587502
P:aedaad2ceddaa2f74481,2025020706,ML,AWAY,,,synthbook,DEV_SYNTHETIC,2026-01-20T20:30:00Z,-120,0.521739,AVAILABLE,,SCHEDULED_FALLBACK,2026-01-20T23:00:00Z,-104,0.487997,-0.10534,-0.033742,-0.026921,0.461076
P:b1d9ee54cd59935f664a,2025020706,PUCK_LINE,AWAY,1.5,,synthbook,DEV_SYNTHETIC,2026-01-20T14:00:00Z,-381,0.758262,AVAILABLE,,SCHEDULED_FALLBACK,2026-01-20T23:00:00Z,-249,0.68301,-0.137723,-0.075252,0.024956,0.707966
P:b26b4c793a3e9fcdbfa4,2025020705,ML,AWAY,,,synthbook,DEV_SYNTHETIC,2026-01-20T20:30:00Z,-128,0.536284,AVAILABLE,,SCHEDULED_FALLBACK,2026-01-20T23:00:00Z,-115,0.512003,-0.087994,-0.024281,-0.028254,0.483749
P:b6d49823b42844b83263,2025020704,PUCK_LINE,AWAY,1.5,,synthbook,DEV_SYNTHETIC,2026-01-20T14:00:00Z,-261,0.691479,AVAILABLE,,SCHEDULED_FALLBACK,2026-01-21T02:00:00Z,-306,0.721659,-0.001844,0.03018,0.006724,0.728383
P:b70d808dc2d3cdb74465,2025020705,PUCK_LINE,AWAY,-1.5,,synthbook,DEV_SYNTHETIC,2026-01-20T20:30:00Z,277,0.253833,AVAILABLE,,SCHEDULED_FALLBACK,2026-01-20T23:00:00Z,231,0.289093,0.089879,0.03526,-0.025354,0.263739
P:ba36dc88d5faa5095fc4,2025020705,TOTAL,OVER,6.5,,synthbook,DEV_SYNTHETIC,2026-01-20T21:50:00Z,119,0.436917,AVAILABLE,,SCHEDULED_FALLBACK,2026-01-20T23:00:00Z,110,0.455617,-0.0022,0.0187,-0.014133,0.441484
P:ba385ffbaa611c06688e,2025020706,REG_3WAY,AWAY,,,synthbook,DEV_SYNTHETIC,2026-01-20T21:50:00Z,177,0.343887,AVAILABLE,,SCHEDULED_FALLBACK,2026-01-20T23:00:00Z,156,0.371756,0.029764,0.027869,-0.034556,0.3372
P:bac11407e101e8e2c577,2025020705,TEAM_TOTAL,OVER,2.5,NSH,synthbook,DEV_SYNTHETIC,2026-01-20T22:20:00Z,-163,0.592911,AVAILABLE,,SCHEDULED_FALLBACK,2026-01-20T23:00:00Z,-158,0.585862,-0.054714,-0.007049,0.033339,0.619201
P:bb84d9f73604d3934bea,2025020703,REG_3WAY,AWAY,,,synthbook,DEV_SYNTHETIC,2026-01-20T20:30:00Z,232,0.287021,AVAILABLE,,SCHEDULED_FALLBACK,2026-01-21T02:00:00Z,189,0.329051,0.092448,0.04203,-0.017211,0.31184
P:bd8e85f451944c950c1a,2025020706,TEAM_TOTAL,OVER,2.5,DET,synthbook,DEV_SYNTHETIC,2026-01-20T20:30:00Z,-216,0.654388,AVAILABLE,,SCHEDULED_FALLBACK,2026-01-20T23:00:00Z,-238,0.673537,-0.01464,0.019149,-0.021742,0.651795
P:be62e3f49cecea088013,2025020705,ML,HOME,,,synthbook,DEV_SYNTHETIC,2026-01-20T21:50:00Z,106,0.463716,AVAILABLE,,SCHEDULED_FALLBACK,2026-01-20T23:00:00Z,-104,0.487997,0.005273,0.024281,0.033475,0.521472
P:c08043c4e95c58e4aa58,2025020705,PUCK_LINE,AWAY,-1.5,,synthbook,DEV_SYNTHETIC,2026-01-20T22:20:00Z,270,0.258621,AVAILABLE,,SCHEDULED_FALLBACK,2026-01-20T23:00:00Z,231,0.289093,0.069642,0.030472,-0.029402,0.259691
P:c24e067d4204aa9c8117,2025020702,ML,HOME,,,synthbook,DEV_SYNTHETIC,2026-01-20T20:30:00Z,-101,0.480451,AVAILABLE,,SCHEDULED_FALLBACK,2026-01-21T02:00:00Z,-114,0.509817,0.014586,0.029366,-0.018394,0.491423
P:c3213416e2cacf277f3e,2025020705,REG_3WAY,DRAW,,,synthbook,DEV_SYNTHETIC,2026-01-20T22:20:00Z,303,0.236318,AVAILABLE,,SCHEDULED_FALLBACK,2026-01-20T23:00:00Z,332,0.22051,-0.111344,-0.015808,-0.003032,0.217478
P:c4a6407b1391993e8fee,2025020703,TOTAL,UNDER,6.5,,synthbook,DEV_SYNTHETIC,2026-01-20T14:00:00Z,-117,0.515184,AVAILABLE,,SCHEDULED_FALLBACK,2026-01-21T02:00:00Z,-139,0.556784,0.032667,0.0416,-0.011949,0.544835
P:c52a3ebc9db2c13e0bb4,2025020706,TEAM_TOTAL,OVER,2.5,WSH,synthbook,DEV_SYNTHETIC,2026-01-20T14:00:00Z,-147,0.569191,AVAILABLE,,SCHEDULED_FALLBACK,2026-01-20T23:00:00Z,-175,0.608262,0.022046,0.039071,-0.00925,0.599012
P:c6b63ee9b8dd0afe9406,2025020705,PUCK_LINE,HOME,1.5,,synthbook,DEV_SYNTHETIC,2026-01-20T20:30:00Z,-354,0.746167,AVAILABLE,,SCHEDULED_FALLBACK,2026-01-20T23:00:00Z,-289,0.710907,-0.088271,-0.03526,0.025354,0.736261
P:c855d73d5951575b2e61,2025020702,TOTAL,UNDER,6.5,,synthbook,DEV_SYNTHETIC,2026-01-20T14:00:00Z,-150,0.574468,AVAILABLE,,SCHEDULED_FALLBACK,2026-01-21T02:00:00Z,-134,0.548332,-0.086113,-0.026136,-0.056209,0.492123
P:c9c72d2f1bd4658e4367,2025020703,TEAM_TOTAL,UNDER,2.5,CGY,synthbook,DEV_SYNTHETIC,2026-01-20T14:00:00Z,150,0.383095,AVAILABLE,,SCHEDULED_FALLBACK,2026-01-21T02:00:00Z,126,0.42316,0.057899,0.040065,0.014433,0.437593
P:cb63861a6fdfd5a92d1a,2025020702,ML,HOME,,,synthbook,DEV_SYNTHETIC,2026-01-20T14:00:00Z,-134,0.548332,AVAILABLE,,SCHEDULED_FALLBACK,2026-01-21T02:00:00Z,-114,0.509817,-0.109723,-0.038515,-0.018394,0.491423
P:cc0baba112683a4cba6a,2025020705,TOTAL,OVER,6.5,,synthbook,DEV_SYNTHETIC,2026-01-20T22:20:00Z,-103,0.484816,AVAILABLE,,SCHEDULED_FALLBACK,2026-01-20T23:00:00Z,110,0.455617,-0.102037,-0.029199,-0.014133,0.441484
P:ceea80ef278b769f6c4f,2025020705,TOTAL,OVER,6.5,,synthbook,DEV_SYNTHETIC,2026-01-20T14:00:00Z,135,0.407655,AVAILABLE,,SCHEDULED_FALLBACK,2026-01-20T23:00:00Z,110,0.455617,0.070699,0.047962,-0.01958,0.436037
P:d0296c78244a65f92d8a,2025020703,PUCK_LINE,HOME,-1.5,,synthbook,DEV_SYNTHETIC,2026-01-20T14:00:00Z,284,0.249227,AVAILABLE,,SCHEDULED_FALLBACK,2026-01-21T02:00:00Z,196,0.323154,0.24091,0.073927,0.022069,0.345223
P:d077a9b2c6fc3c62f943,2025020703,REG_3WAY,AWAY,,,synthbook,DEV_SYNTHETIC,2026-01-20T14:00:00Z,211,0.306044,AVAILABLE,,SCHEDULED_FALLBACK,2026-01-21T02:00:00Z,189,0.329051,0.023347,0.023007,-0.021805,0.307246
P:d1114485d73d209efae4,2025020704,ML,AWAY,,,synthbook,DEV_SYNTHETIC,2026-01-20T14:00:00Z,-131,0.542384,AVAILABLE,,SCHEDULED_FALLBACK,2026-01-21T02:00:00Z,-104,0.486993,-0.141257,-0.055391,0.005499,0.492492
P:d420b7471ee39b763dc3,2025020705,TEAM_TOTAL,OVER,2.5,BUF,synthbook,DEV_SYNTHETIC,2026-01-20T22:20:00Z,-194,0.631764,AVAILABLE,,SCHEDULED_FALLBACK,2026-01-20T23:00:00Z,-182,0.617368,-0.064402,-0.014396,-0.029866,0.587502
P:d75cbedc90d30086e3ca,2025020702,REG_3WAY,AWAY,,,synthbook,DEV_SYNTHETIC,2026-01-20T22:20:00Z,145,0.3887,AVAILABLE,,SCHEDULED_FALLBACK,2026-01-21T02:00:00Z,181,0.338967,-0.16953,-0.049733,0.024883,0.36385
P:d94993a0453cd9a9fe5b,2025020706,TEAM_TOTAL,OVER,2.5,WSH,synthbook,DEV_SYNTHETIC,2026-01-20T22:20:00Z,-156,0.582545,AVAILABLE,,SCHEDULED_FALLBACK,2026-01-20T23:00:00Z,-175,0.608262,-0.001826,0.025717,-0.029142,0.57912
P:da8611f4acf841b16001,2025020702,REG_3WAY,AWAY,,,synthbook,DEV_SYNTHETIC,2026-01-20T14:00:00Z,161,0.365141,AVAILABLE,,SCHEDULED_FALLBACK,2026-01-21T02:00:00Z,181,0.338967,-0.115295,-0.026174,0.043023,0.38199
P:dd383f81aba21138e101,2025020702,ML,AWAY,,,synthbook,DEV_SYNTHETIC,2026-01-20T22:20:00Z,-119,0.519549,AVAILABLE,,SCHEDULED_FALLBACK,2026-01-21T02:00:00Z,-105,0.490183,-0.097898,-0.029366,-0.002,0.488183
P:deaa9d632f25c4af2a32,2025020706,PUCK_LINE,HOME,-1.5,,synthbook,DEV_SYNTHETIC,2026-01-20T14:00:00Z,296,0.241738,AVAILABLE,,SCHEDULED_FALLBACK,2026-01-20T23:00:00Z,202,0.31699,0.255282,0.075252,-0.024956,0.292034
P:e251ec3f847130e2338a,2025020702,ML,HOME,,,synthbook,DEV_SYNTHETIC,2026-01-20T22:20:00Z,-101,0.480451,AVAILABLE,,SCHEDULED_FALLBACK,2026-01-21T02:00:00Z,-114,0.509817,0.014586,0.029366,0.002,0.511817
P:e3ae0f4b80c427de90b0,2025020706,REG_3WAY,DRAW,,,synthbook,DEV_SYNTHETIC,2026-01-20T22:20:00Z,284,0.248015,AVAILABLE,,SCHEDULED_FALLBACK,2026-01-20T23:00:00Z,333,0.219791,-0.156002,-0.028224,0.005822,0.225613
P:e5eb7cb96ad7d3bf3eb7,2025020703,TEAM_TOTAL,UNDER,2.5,EDM,synthbook,DEV_SYNTHETIC,2026-01-20T14:00:00Z,206,0.312693,AVAILABLE,,SCHEDULED_FALLBACK,2026-01-21T02:00:00Z,160,0.368236,0.126804,0.055543,-0.047302,0.320934
P:e66190c34c556fa0d5eb,2025020704,TOTAL,UNDER,6.5,,synthbook,DEV_SYNTHETIC,2026-01-20T14:00:00Z,-203,0.641424,AVAILABLE,,SCHEDULED_FALLBACK,2026-01-21T02:00:00Z,-157,0.58421,-0.128002,-0.057214,-0.031303,0.552907
P:e7823b30561567211f45,2025020702,TOTAL,OVER,6.5,,synthbook,DEV_SYNTHETIC,2026-01-20T14:00:00Z,125,0.425532,AVAILABLE,,SCHEDULED_FALLBACK,2026-01-21T02:00:00Z,112,0.451668,0.016252,0.026136,0.056209,0.507877
P:e7bf257a61d4f941e2a9,2025020705,TOTAL,UNDER,6.5,,synthbook,DEV_SYNTHETIC,2026-01-20T22:20:00Z,-117,0.515184,AVAILABLE,,SCHEDULED_FALLBACK,2026-01-20T23:00:00Z,-132,0.544383,0.009668,0.029199,0.014133,0.558516
P:e8e54289a142315c9094,2025020705,PUCK_LINE,HOME,1.5,,synthbook,DEV_SYNTHETIC,2026-01-20T14:00:00Z,-291,0.712506,AVAILABLE,,SCHEDULED_FALLBACK,2026-01-20T23:00:00Z,-289,0.710907,-0.044794,-0.001599,0.025354,0.736261
P:ef0afa2fd56f2ba0a907,2025020706,PUCK_LINE,AWAY,1.5,,synthbook,DEV_SYNTHETIC,2026-01-20T21:50:00Z,-262,0.692391,AVAILABLE,,SCHEDULED_FALLBACK,2026-01-20T23:00:00Z,-249,0.68301,-0.0563,-0.009381,0.010003,0.693013
P:ef242f6c30822b0fe124,2025020705,PUCK_LINE,AWAY,-1.5,,synthbook,DEV_SYNTHETIC,2026-01-20T21:50:00Z,277,0.253833,AVAILABLE,,SCHEDULED_FALLBACK,2026-01-20T23:00:00Z,231,0.289093,0.089879,0.03526,-0.029402,0.259691
P:ef26b51dce02a9d0d882,2025020703,TOTAL,UNDER,6.5,,synthbook,DEV_SYNTHETIC,2026-01-20T20:30:00Z,-153,0.579622,AVAILABLE,,SCHEDULED_FALLBACK,2026-01-21T02:00:00Z,-139,0.556784,-0.079306,-0.022838,-0.018794,0.53799
P:f0929f0a8fc04725a726,2025020705,TEAM_TOTAL,OVER,2.5,BUF,synthbook,DEV_SYNTHETIC,2026-01-20T14:00:00Z,-138,0.554891,AVAILABLE,,SCHEDULED_FALLBACK,2026-01-20T23:00:00Z,-182,0.617368,0.064736,0.062477,-0.030004,0.587364
P:f104f2d660bc60453d0e,2025020705,REG_3WAY,AWAY,,,synthbook,DEV_SYNTHETIC,2026-01-20T22:20:00Z,167,0.35669,AVAILABLE,,SCHEDULED_FALLBACK,2026-01-20T23:00:00Z,149,0.382572,0.021467,0.025882,-0.004912,0.37766
P:f12185d71d815eb22a56,2025020703,REG_3WAY,HOME,,,synthbook,DEV_SYNTHETIC,2026-01-20T14:00:00Z,119,0.434611,AVAILABLE,,SCHEDULED_FALLBACK,2026-01-21T02:00:00Z,122,0.428359,-0.061895,-0.006252,0.043301,0.47166
P:f23e2ebc8ccb96c15899,2025020706,TEAM_TOTAL,UNDER,2.5,WSH,synthbook,DEV_SYNTHETIC,2026-01-20T14:00:00Z,122,0.430809,AVAILABLE,,SCHEDULED_FALLBACK,2026-01-20T23:00:00Z,144,0.391738,-0.130342,-0.039071,0.00925,0.400988
P:f34aef3d82612428560a,2025020703,TEAM_TOTAL,OVER,2.5,EDM,synthbook,DEV_SYNTHETIC,2026-01-20T20:30:00Z,-227,0.664254,AVAILABLE,,SCHEDULED_FALLBACK,2026-01-21T02:00:00Z,-194,0.631764,-0.089927,-0.03249,0.047114,0.678878
P:f350130a1f6b82537d9a,2025020703,PUCK_LINE,AWAY,1.5,,synthbook,DEV_SYNTHETIC,2026-01-20T14:00:00Z,-364,0.750773,AVAILABLE,,SCHEDULED_FALLBACK,2026-01-21T02:00:00Z,-242,0.676846,-0.137207,-0.073927,-0.022069,0.654777
P:f4093ab39d04fc4d75f1,2025020706,TEAM_TOTAL,UNDER,2.5,WSH,synthbook,DEV_SYNTHETIC,2026-01-20T22:20:00Z,129,0.417455,AVAILABLE,,SCHEDULED_FALLBACK,2026-01-20T23:00:00Z,144,0.391738,-0.10292,-0.025717,0.029142,0.42088
P:f4c9f5f23f59be298a61,2025020703,TEAM_TOTAL,OVER,2.5,CGY,synthbook,DEV_SYNTHETIC,2026-01-20T20:30:00Z,-188,0.624707,AVAILABLE,,SCHEDULED_FALLBACK,2026-01-21T02:00:00Z,-152,0.57684,-0.11633,-0.047867,-0.004437,0.572403
P:f5916bf59198c1c6a4ff,2025020703,REG_3WAY,DRAW,,,synthbook,DEV_SYNTHETIC,2026-01-20T20:30:00Z,295,0.241243,AVAILABLE,,SCHEDULED_FALLBACK,2026-01-21T02:00:00Z,292,0.242591,-0.041766,0.001348,-0.018478,0.224113
P:f64838291270943d5460,2025020706,TEAM_TOTAL,OVER,2.5,WSH,synthbook,DEV_SYNTHETIC,2026-01-20T20:30:00Z,-169,0.601245,AVAILABLE,,SCHEDULED_FALLBACK,2026-01-20T23:00:00Z,-175,0.608262,-0.031819,0.007017,-0.009493,0.598769
P:f7b0554cfdb3c527b850,2025020706,REG_3WAY,HOME,,,synthbook,DEV_SYNTHETIC,2026-01-20T14:00:00Z,155,0.373148,AVAILABLE,,SCHEDULED_FALLBACK,2026-01-20T23:00:00Z,133,0.408453,0.041555,0.035305,0.013558,0.422011
P:f7fe1071deb632afe2a4,2025020702,PUCK_LINE,HOME,-1.5,,synthbook,DEV_SYNTHETIC,2026-01-20T20:30:00Z,240,0.281522,AVAILABLE,,SCHEDULED_FALLBACK,2026-01-21T02:00:00Z,243,0.279089,-0.051097,-0.002433,-0.016962,0.262127
P:fb034dbcc6db3009ebdc,2025020705,ML,AWAY,,,synthbook,DEV_SYNTHETIC,2026-01-20T21:50:00Z,-128,0.536284,AVAILABLE,,SCHEDULED_FALLBACK,2026-01-20T23:00:00Z,-115,0.512003,-0.087994,-0.024281,-0.033475,0.478528
P:fb33148503ec1e549192,2025020702,PUCK_LINE,AWAY,1.5,,synthbook,DEV_SYNTHETIC,2026-01-20T20:30:00Z,-301,0.718478,AVAILABLE,,SCHEDULED_FALLBACK,2026-01-21T02:00:00Z,-305,0.720911,-0.039584,0.002433,0.016962,0.737873
P:fcee04f8d0c243d8ab14,2025020703,TEAM_TOTAL,OVER,2.5,EDM,synthbook,DEV_SYNTHETIC,2026-01-20T14:00:00Z,-255,0.687307,AVAILABLE,,SCHEDULED_FALLBACK,2026-01-21T02:00:00Z,-194,0.631764,-0.120486,-0.055543,0.047302,0.679066
P:fdccb90dc86c38d03fcf,2025020702,TEAM_TOTAL,OVER,2.5,OTT,synthbook,DEV_SYNTHETIC,2026-01-20T14:00:00Z,-151,0.5762,AVAILABLE,,SCHEDULED_FALLBACK,2026-01-21T02:00:00Z,-162,0.592345,-0.015374,0.016145,0.068721,0.661066
