game_id,matchup,puck_drop,market,period,selection,line,team,sportsbook,execution_price,execution_decimal,raw_implied_probability,no_vig_probability,novig_method,model_probability,model_fair_price,probability_edge,ev_per_unit,goalie_state,created_at,as_of,status,effective_status,evidence_lane,eligibility,block_reasons,quote_age_minutes,market_observed_at,prediction_id
2025020705,BUF@NSH,2026-01-20T23:00:00Z,ML,FULL_GAME,AWAY,,,synthbook,-112,1.89285714,0.52830189,0.50545,multiplicative,0.478528,109,-0.026923,-0.094215,HOME:UNKNOWN(8470610@0.717)|AWAY:CONFIRMED(8470582@0.985),2026-01-20T22:20:00Z,2026-01-20T22:20:00Z,BLOCKED,BLOCKED,DEV_SYNTHETIC,INELIGIBLE_DEV,"[""HARD_BLOCK:SIMULATED_CLOCK"", ""HARD_BLOCK:SYNTHETIC_SOURCE""]",20.0,2026-01-20T22:00:00Z,P:1a58676ccdaf2476d83e
2025020705,BUF@NSH,2026-01-20T23:00:00Z,ML,FULL_GAME,HOME,,,synthbook,-107,1.93457944,0.51690821,0.49455,multiplicative,0.521472,-109,0.026923,0.00883,HOME:UNKNOWN(8470610@0.717)|AWAY:CONFIRMED(8470582@0.985),2026-01-20T22:20:00Z,2026-01-20T22:20:00Z,BLOCKED,BLOCKED,DEV_SYNTHETIC,INELIGIBLE_DEV,"[""HARD_BLOCK:SIMULATED_CLOCK"", ""HARD_BLOCK:SYNTHETIC_SOURCE""]",20.0,2026-01-20T22:00:00Z,P:5a89de4f097584d9eb4d
2025020705,BUF@NSH,2026-01-20T23:00:00Z,PUCK_LINE,FULL_GAME,AWAY,-1.5,,synthbook,270,3.7,0.27027027,0.258621,multiplicative,0.259691,285,0.001071,-0.039142,HOME:UNKNOWN(8470610@0.717)|AWAY:CONFIRMED(8470582@0.985),2026-01-20T22:20:00Z,2026-01-20T22:20:00Z,BLOCKED,BLOCKED,DEV_SYNTHETIC,INELIGIBLE_DEV,"[""HARD_BLOCK:SIMULATED_CLOCK"", ""HARD_BLOCK:SYNTHETIC_SOURCE""]",20.0,2026-01-20T22:00:00Z,P:c08043c4e95c58e4aa58
2025020705,BUF@NSH,2026-01-20T23:00:00Z,PUCK_LINE,FULL_GAME,HOME,1.5,,synthbook,-344,1.29069767,0.77477477,0.741379,multiplicative,0.740309,-285,-0.001071,-0.044485,HOME:UNKNOWN(8470610@0.717)|AWAY:CONFIRMED(8470582@0.985),2026-01-20T22:20:00Z,2026-01-20T22:20:00Z,BLOCKED,BLOCKED,DEV_SYNTHETIC,INELIGIBLE_DEV,"[""HARD_BLOCK:SIMULATED_CLOCK"", ""HARD_BLOCK:SYNTHETIC_SOURCE""]",20.0,2026-01-20T22:00:00Z,P:534f2dd68a27978cb683
2025020705,BUF@NSH,2026-01-20T23:00:00Z,REG_3WAY,REGULATION,AWAY,,,synthbook,167,2.67,0.37453184,0.35669,multiplicative,0.37766,165,0.02097,0.008352,HOME:UNKNOWN(8470610@0.717)|AWAY:CONFIRMED(8470582@0.985),2026-01-20T22:20:00Z,2026-01-20T22:20:00Z,BLOCKED,BLOCKED,DEV_SYNTHETIC,INELIGIBLE_DEV,"[""HARD_BLOCK:SIMULATED_CLOCK"", ""HARD_BLOCK:SYNTHETIC_SOURCE""]",20.0,2026-01-20T22:00:00Z,P:f104f2d660bc60453d0e
2025020705,BUF@NSH,2026-01-20T23:00:00Z,REG_3WAY,REGULATION,DRAW,,,synthbook,303,4.03,0.24813896,0.236318,multiplicative,0.217478,360,-0.01884,-0.123564,HOME:UNKNOWN(8470610@0.717)|AWAY:CONFIRMED(8470582@0.985),2026-01-20T22:20:00Z,2026-01-20T22:20:00Z,BLOCKED,BLOCKED,DEV_SYNTHETIC,INELIGIBLE_DEV,"[""HARD_BLOCK:SIMULATED_CLOCK"", ""HARD_BLOCK:SYNTHETIC_SOURCE""]",20.0,2026-01-20T22:00:00Z,P:c3213416e2cacf277f3e
2025020705,BUF@NSH,2026-01-20T23:00:00Z,REG_3WAY,REGULATION,HOME,,,synthbook,134,2.34,0.42735043,0.406992,multiplicative,0.404862,147,-0.00213,-0.052622,HOME:UNKNOWN(8470610@0.717)|AWAY:CONFIRMED(8470582@0.985),2026-01-20T22:20:00Z,2026-01-20T22:20:00Z,BLOCKED,BLOCKED,DEV_SYNTHETIC,INELIGIBLE_DEV,"[""HARD_BLOCK:SIMULATED_CLOCK"", ""HARD_BLOCK:SYNTHETIC_SOURCE""]",20.0,2026-01-20T22:00:00Z,P:8a65a8f012709a81e7c6
2025020705,BUF@NSH,2026-01-20T23:00:00Z,TEAM_TOTAL,FULL_GAME,OVER,2.5,BUF,synthbook,-194,1.51546392,0.65986395,0.631764,multiplicative,0.587502,-142,-0.044261,-0.109661,HOME:UNKNOWN(8470610@0.717)|AWAY:CONFIRMED(8470582@0.985),2026-01-20T22:20:00Z,2026-01-20T22:20:00Z,BLOCKED,BLOCKED,DEV_SYNTHETIC,INELIGIBLE_DEV,"[""HARD_BLOCK:SIMULATED_CLOCK"", ""HARD_BLOCK:SYNTHETIC_SOURCE""]",20.0,2026-01-20T22:00:00Z,P:d420b7471ee39b763dc3
2025020705,BUF@NSH,2026-01-20T23:00:00Z,TEAM_TOTAL,FULL_GAME,UNDER,2.5,BUF,synthbook,160,2.6,0.38461538,0.368236,multiplicative,0.412498,142,0.044261,0.072494,HOME:UNKNOWN(8470610@0.717)|AWAY:CONFIRMED(8470582@0.985),2026-01-20T22:20:00Z,2026-01-20T22:20:00Z,BLOCKED,BLOCKED,DEV_SYNTHETIC,INELIGIBLE_DEV,"[""HARD_BLOCK:SIMULATED_CLOCK"", ""HARD_BLOCK:SYNTHETIC_SOURCE""]",20.0,2026-01-20T22:00:00Z,P:401cbe289b3e94c7801a
2025020705,BUF@NSH,2026-01-20T23:00:00Z,TEAM_TOTAL,FULL_GAME,OVER,2.5,NSH,synthbook,-163,1.61349693,0.61977186,0.592911,multiplicative,0.619201,-163,0.02629,-0.000921,HOME:UNKNOWN(8470610@0.717)|AWAY:CONFIRMED(8470582@0.985),2026-01-20T22:20:00Z,2026-01-20T22:20:00Z,BLOCKED,BLOCKED,DEV_SYNTHETIC,INELIGIBLE_DEV,"[""HARD_BLOCK:SIMULATED_CLOCK"", ""HARD_BLOCK:SYNTHETIC_SOURCE""]",20.0,2026-01-20T22:00:00Z,P:bac11407e101e8e2c577
2025020705,BUF@NSH,2026-01-20T23:00:00Z,TEAM_TOTAL,FULL_GAME,UNDER,2.5,NSH,synthbook,135,2.35,0.42553191,0.407089,multiplicative,0.380799,163,-0.02629,-0.105123,HOME:UNKNOWN(8470610@0.717)|AWAY:CONFIRMED(8470582@0.985),2026-01-20T22:20:00Z,2026-01-20T22:20:00Z,BLOCKED,BLOCKED,DEV_SYNTHETIC,INELIGIBLE_DEV,"[""HARD_BLOCK:SIMULATED_CLOCK"", ""HARD_BLOCK:SYNTHETIC_SOURCE""]",20.0,2026-01-20T22:00:00Z,P:58419ade3fc95e401d1f
2025020705,BUF@NSH,2026-01-20T23:00:00Z,TOTAL,FULL_GAME,OVER,6.5,,synthbook,-103,1.97087379,0.50738916,0.484816,multiplicative,0.441484,127,-0.043333,-0.129892,HOME:UNKNOWN(8470610@0.717)|AWAY:CONFIRMED(8470582@0.985),2026-01-20T22:20:00Z,2026-01-20T22:20:00Z,BLOCKED,BLOCKED,DEV_SYNTHETIC,INELIGIBLE_DEV,"[""HARD_BLOCK:SIMULATED_CLOCK"", ""HARD_BLOCK:SYNTHETIC_SOURCE""]",20.0,2026-01-20T22:00:00Z,P:cc0baba112683a4cba6a
2025020705,BUF@NSH,2026-01-20T23:00:00Z,TOTAL,FULL_GAME,UNDER,6.5,,synthbook,-117,1.85470085,0.53917051,0.515184,multiplicative,0.558516,-127,0.043333,0.035881,HOME:UNKNOWN(8470610@0.717)|AWAY:CONFIRMED(8470582@0.985),2026-01-20T22:20:00Z,2026-01-20T22:20:00Z,BLOCKED,BLOCKED,DEV_SYNTHETIC,INELIGIBLE_DEV,"[""HARD_BLOCK:SIMULATED_CLOCK"", ""HARD_BLOCK:SYNTHETIC_SOURCE""]",20.0,2026-01-20T22:00:00Z,P:e7bf257a61d4f941e2a9
2025020706,WSH@DET,2026-01-20T23:00:00Z,ML,FULL_GAME,AWAY,,,synthbook,-125,1.8,0.55555556,0.532468,multiplicative,0.448573,123,-0.083894,-0.192568,HOME:CONFIRMED(8470595@0.985)|AWAY:PROJECTED(8470639@0.880),2026-01-20T22:20:00Z,2026-01-20T22:20:00Z,BLOCKED,BLOCKED,DEV_SYNTHETIC,INELIGIBLE_DEV,"[""HARD_BLOCK:SIMULATED_CLOCK"", ""HARD_BLOCK:SYNTHETIC_SOURCE""]",20.0,2026-01-20T22:00:00Z,P:6a1b81d97be8eb595030
2025020706,WSH@DET,2026-01-20T23:00:00Z,ML,FULL_GAME,HOME,,,synthbook,105,2.05,0.48780488,0.467532,multiplicative,0.551427,-123,0.083894,0.130425,HOME:CONFIRMED(8470595@0.985)|AWAY:PROJECTED(8470639@0.880),2026-01-20T22:20:00Z,2026-01-20T22:20:00Z,BLOCKED,BLOCKED,DEV_SYNTHETIC,INELIGIBLE_DEV,"[""HARD_BLOCK:SIMULATED_CLOCK"", ""HARD_BLOCK:SYNTHETIC_SOURCE""]",20.0,2026-01-20T22:00:00Z,P:53ec09267da496be3172
2025020706,WSH@DET,2026-01-20T23:00:00Z,PUCK_LINE,FULL_GAME,AWAY,1.5,,synthbook,-244,1.40983607,0.70930233,0.678841,multiplicative,0.693013,-226,0.014172,-0.022965,HOME:CONFIRMED(8470595@0.985)|AWAY:PROJECTED(8470639@0.880),2026-01-20T22:20:00Z,2026-01-20T22:20:00Z,BLOCKED,BLOCKED,DEV_SYNTHETIC,INELIGIBLE_DEV,"[""HARD_BLOCK:SIMULATED_CLOCK"", ""HARD_BLOCK:SYNTHETIC_SOURCE""]",20.0,2026-01-20T22:00:00Z,P:77803d16d3d3bd32d8e0
2025020706,WSH@DET,2026-01-20T23:00:00Z,PUCK_LINE,FULL_GAME,HOME,-1.5,,synthbook,198,2.98,0.33557047,0.321159,multiplicative,0.306987,226,-0.014172,-0.08518,HOME:CONFIRMED(8470595@0.985)|AWAY:PROJECTED(8470639@0.880),2026-01-20T22:20:00Z,2026-01-20T22:20:00Z,BLOCKED,BLOCKED,DEV_SYNTHETIC,INELIGIBLE_DEV,"[""HARD_BLOCK:SIMULATED_CLOCK"", ""HARD_BLOCK:SYNTHETIC_SOURCE""]",20.0,2026-01-20T22:00:00Z,P:66b8a9de8a3d9e9a5fc6
2025020706,WSH@DET,2026-01-20T23:00:00Z,REG_3WAY,REGULATION,AWAY,,,synthbook,172,2.72,0.36764706,0.350139,multiplicative,0.3372,197,-0.012939,-0.082816,HOME:CONFIRMED(8470595@0.985)|AWAY:PROJECTED(8470639@0.880),2026-01-20T22:20:00Z,2026-01-20T22:20:00Z,BLOCKED,BLOCKED,DEV_SYNTHETIC,INELIGIBLE_DEV,"[""HARD_BLOCK:SIMULATED_CLOCK"", ""HARD_BLOCK:SYNTHETIC_SOURCE""]",20.0,2026-01-20T22:00:00Z,P:7a0db65134a8b13d6ed0
2025020706,WSH@DET,2026-01-20T23:00:00Z,REG_3WAY,REGULATION,DRAW,,,synthbook,284,3.84,0.26041667,0.248015,multiplicative,0.225613,343,-0.022401,-0.133645,HOME:CONFIRMED(8470595@0.985)|AWAY:PROJECTED(8470639@0.880),2026-01-20T22:20:00Z,2026-01-20T22:20:00Z,BLOCKED,BLOCKED,DEV_SYNTHETIC,INELIGIBLE_DEV,"[""HARD_BLOCK:SIMULATED_CLOCK"", ""HARD_BLOCK:SYNTHETIC_SOURCE""]",20.0,2026-01-20T22:00:00Z,P:e3ae0f4b80c427de90b0
2025020706,WSH@DET,2026-01-20T23:00:00Z,REG_3WAY,REGULATION,HOME,,,synthbook,137,2.37,0.42194093,0.401847,multiplicative,0.437187,129,0.03534,0.036132,HOME:CONFIRMED(8470595@0.985)|AWAY:PROJECTED(8470639@0.880),2026-01-20T22:20:00Z,2026-01-20T22:20:00Z,BLOCKED,BLOCKED,DEV_SYNTHETIC,INELIGIBLE_DEV,"[""HARD_BLOCK:SIMULATED_CLOCK"", ""HARD_BLOCK:SYNTHETIC_SOURCE""]",20.0,2026-01-20T22:00:00Z,P:a65f1560d3db34b94162
2025020706,WSH@DET,2026-01-20T23:00:00Z,TEAM_TOTAL,FULL_GAME,OVER,2.5,DET,synthbook,-184,1.54347826,0.64788732,0.620158,multiplicative,0.651867,-187,0.031708,0.006142,HOME:CONFIRMED(8470595@0.985)|AWAY:PROJECTED(8470639@0.880),2026-01-20T22:20:00Z,2026-01-20T22:20:00Z,BLOCKED,BLOCKED,DEV_SYNTHETIC,INELIGIBLE_DEV,"[""HARD_BLOCK:SIMULATED_CLOCK"", ""HARD_BLOCK:SYNTHETIC_SOURCE""]",20.0,2026-01-20T22:00:00Z,P:9290340f5ba315bb99dc
2025020706,WSH@DET,2026-01-20T23:00:00Z,TEAM_TOTAL,FULL_GAME,UNDER,2.5,DET,synthbook,152,2.52,0.3968254,0.379842,multiplicative,0.348133,187,-0.031708,-0.122704,HOME:CONFIRMED(8470595@0.985)|AWAY:PROJECTED(8470639@0.880),2026-01-20T22:20:00Z,2026-01-20T22:20:00Z,BLOCKED,BLOCKED,DEV_SYNTHETIC,INELIGIBLE_DEV,"[""HARD_BLOCK:SIMULATED_CLOCK"", ""HARD_BLOCK:SYNTHETIC_SOURCE""]",20.0,2026-01-20T22:00:00Z,P:154362c2b09b0d5ae85f
2025020706,WSH@DET,2026-01-20T23:00:00Z,TEAM_TOTAL,FULL_GAME,OVER,2.5,WSH,synthbook,-156,1.64102564,0.609375,0.582545,multiplicative,0.57912,-138,-0.003425,-0.049649,HOME:CONFIRMED(8470595@0.985)|AWAY:PROJECTED(8470639@0.880),2026-01-20T22:20:00Z,2026-01-20T22:20:00Z,BLOCKED,BLOCKED,DEV_SYNTHETIC,INELIGIBLE_DEV,"[""HARD_BLOCK:SIMULATED_CLOCK"", ""HARD_BLOCK:SYNTHETIC_SOURCE""]",20.0,2026-01-20T22:00:00Z,P:d94993a0453cd9a9fe5b
2025020706,WSH@DET,2026-01-20T23:00:00Z,TEAM_TOTAL,FULL_GAME,UNDER,2.5,WSH,synthbook,129,2.29,0.43668122,0.417455,multiplicative,0.42088,138,0.003425,-0.036185,HOME:CONFIRMED(8470595@0.985)|AWAY:PROJECTED(8470639@0.880),2026-01-20T22:20:00Z,2026-01-20T22:20:00Z,BLOCKED,BLOCKED,DEV_SYNTHETIC,INELIGIBLE_DEV,"[""HARD_BLOCK:SIMULATED_CLOCK"", ""HARD_BLOCK:SYNTHETIC_SOURCE""]",20.0,2026-01-20T22:00:00Z,P:f4093ab39d04fc4d75f1
2025020706,WSH@DET,2026-01-20T23:00:00Z,TOTAL,FULL_GAME,OVER,6.5,,synthbook,120,2.2,0.45454545,0.435093,multiplicative,0.456893,119,0.021801,0.005165,HOME:CONFIRMED(8470595@0.985)|AWAY:PROJECTED(8470639@0.880),2026-01-20T22:20:00Z,2026-01-20T22:20:00Z,BLOCKED,BLOCKED,DEV_SYNTHETIC,INELIGIBLE_DEV,"[""HARD_BLOCK:SIMULATED_CLOCK"", ""HARD_BLOCK:SYNTHETIC_SOURCE""]",20.0,2026-01-20T22:00:00Z,P:8a324037e565980500ed
2025020706,WSH@DET,2026-01-20T23:00:00Z,TOTAL,FULL_GAME,UNDER,6.5,,synthbook,-144,1.69444444,0.59016393,0.564907,multiplicative,0.543107,-119,-0.021801,-0.079736,HOME:CONFIRMED(8470595@0.985)|AWAY:PROJECTED(8470639@0.880),2026-01-20T22:20:00Z,2026-01-20T22:20:00Z,BLOCKED,BLOCKED,DEV_SYNTHETIC,INELIGIBLE_DEV,"[""HARD_BLOCK:SIMULATED_CLOCK"", ""HARD_BLOCK:SYNTHETIC_SOURCE""]",20.0,2026-01-20T22:00:00Z,P:048d8c2dc2987d5cd506
2025020702,OTT@COL,2026-01-21T02:00:00Z,ML,FULL_GAME,AWAY,,,synthbook,-119,1.84033613,0.543379,0.519549,multiplicative,0.488183,105,-0.031366,-0.101579,HOME:UNKNOWN(8470591@0.549)|AWAY:UNKNOWN(8470615@1.000),2026-01-20T22:20:00Z,2026-01-20T22:20:00Z,BLOCKED,BLOCKED,DEV_SYNTHETIC,INELIGIBLE_DEV,"[""HARD_BLOCK:SIMULATED_CLOCK"", ""HARD_BLOCK:STALE_PRICE"", ""HARD_BLOCK:SYNTHETIC_SOURCE""]",260.0,2026-01-20T18:00:00Z,P:dd383f81aba21138e101
2025020702,OTT@COL,2026-01-21T02:00:00Z,ML,FULL_GAME,HOME,,,synthbook,-101,1.99009901,0.50248756,0.480451,multiplicative,0.511817,-105,0.031366,0.018566,HOME:UNKNOWN(8470591@0.549)|AWAY:UNKNOWN(8470615@1.000),2026-01-20T22:20:00Z,2026-01-20T22:20:00Z,BLOCKED,BLOCKED,DEV_SYNTHETIC,INELIGIBLE_DEV,"[""HARD_BLOCK:SIMULATED_CLOCK"", ""HARD_BLOCK:STALE_PRICE"", ""HARD_BLOCK:SYNTHETIC_SOURCE""]",260.0,2026-01-20T18:00:00Z,P:e251ec3f847130e2338a
2025020702,OTT@COL,2026-01-21T02:00:00Z,PUCK_LINE,FULL_GAME,AWAY,1.5,,synthbook,-301,1.33222591,0.75062344,0.718478,multiplicative,0.72,-257,0.001522,-0.040797,HOME:UNKNOWN(8470591@0.549)|AWAY:UNKNOWN(8470615@1.000),2026-01-20T22:20:00Z,2026-01-20T22:20:00Z,BLOCKED,BLOCKED,DEV_SYNTHETIC,INELIGIBLE_DEV,"[""HARD_BLOCK:SIMULATED_CLOCK"", ""HARD_BLOCK:STALE_PRICE"", ""HARD_BLOCK:SYNTHETIC_SOURCE""]",260.0,2026-01-20T18:00:00Z,P:06ea20789082df18e802
2025020702,OTT@COL,2026-01-21T02:00:00Z,PUCK_LINE,FULL_GAME,HOME,-1.5,,synthbook,240,3.4,0.29411765,0.281522,multiplicative,0.28,257,-0.001522,-0.048,HOME:UNKNOWN(8470591@0.549)|AWAY:UNKNOWN(8470615@1.000),2026-01-20T22:20:00Z,2026-01-20T22:20:00Z,BLOCKED,BLOCKED,DEV_SYNTHETIC,INELIGIBLE_DEV,"[""HARD_BLOCK:SIMULATED_CLOCK"", ""HARD_BLOCK:STALE_PRICE"", ""HARD_BLOCK:SYNTHETIC_SOURCE""]",260.0,2026-01-20T18:00:00Z,P:7ba8839786e1eb6aafe0
2025020702,OTT@COL,2026-01-21T02:00:00Z,REG_3WAY,REGULATION,AWAY,,,synthbook,145,2.45,0.40816327,0.3887,multiplicative,0.36385,175,-0.024851,-0.108568,HOME:UNKNOWN(8470591@0.549)|AWAY:UNKNOWN(8470615@1.000),2026-01-20T22:20:00Z,2026-01-20T22:20:00Z,BLOCKED,BLOCKED,DEV_SYNTHETIC,INELIGIBLE_DEV,"[""HARD_BLOCK:SIMULATED_CLOCK"", ""HARD_BLOCK:STALE_PRICE"", ""HARD_BLOCK:SYNTHETIC_SOURCE""]",260.0,2026-01-20T18:00:00Z,P:d75cbedc90d30086e3ca
2025020702,OTT@COL,2026-01-21T02:00:00Z,REG_3WAY,REGULATION,DRAW,,,synthbook,278,3.78,0.26455026,0.251935,multiplicative,0.236301,323,-0.015635,-0.106784,HOME:UNKNOWN(8470591@0.549)|AWAY:UNKNOWN(8470615@1.000),2026-01-20T22:20:00Z,2026-01-20T22:20:00Z,BLOCKED,BLOCKED,DEV_SYNTHETIC,INELIGIBLE_DEV,"[""HARD_BLOCK:SIMULATED_CLOCK"", ""HARD_BLOCK:STALE_PRICE"", ""HARD_BLOCK:SYNTHETIC_SOURCE""]",260.0,2026-01-20T18:00:00Z,P:59d9aa59acb8436ceb42
2025020702,OTT@COL,2026-01-21T02:00:00Z,REG_3WAY,REGULATION,HOME,,,synthbook,165,2.65,0.37735849,0.359364,multiplicative,0.39985,150,0.040485,0.059602,HOME:UNKNOWN(8470591@0.549)|AWAY:UNKNOWN(8470615@1.000),2026-01-20T22:20:00Z,2026-01-20T22:20:00Z,BLOCKED,BLOCKED,DEV_SYNTHETIC,INELIGIBLE_DEV,"[""HARD_BLOCK:SIMULATED_CLOCK"", ""HARD_BLOCK:STALE_PRICE"", ""HARD_BLOCK:SYNTHETIC_SOURCE""]",260.0,2026-01-20T18:00:00Z,P:a28e99df7d7be6865be1
2025020702,OTT@COL,2026-01-21T02:00:00Z,TEAM_TOTAL,FULL_GAME,OVER,2.5,COL,synthbook,-247,1.4048583,0.71181556,0.681066,multiplicative,0.661667,-196,-0.0194,-0.070452,HOME:UNKNOWN(8470591@0.549)|AWAY:UNKNOWN(8470615@1.000),2026-01-20T22:20:00Z,2026-01-20T22:20:00Z,BLOCKED,BLOCKED,DEV_SYNTHETIC,INELIGIBLE_DEV,"[""HARD_BLOCK:SIMULATED_CLOCK"", ""HARD_BLOCK:STALE_PRICE"", ""HARD_BLOCK:SYNTHETIC_SOURCE""]",260.0,2026-01-20T18:00:00Z,P:06728801aa79076997da
2025020702,OTT@COL,2026-01-21T02:00:00Z,TEAM_TOTAL,FULL_GAME,UNDER,2.5,COL,synthbook,200,3.0,0.33333333,0.318934,multiplicative,0.338333,196,0.0194,0.015,HOME:UNKNOWN(8470591@0.549)|AWAY:UNKNOWN(8470615@1.000),2026-01-20T22:20:00Z,2026-01-20T22:20:00Z,BLOCKED,BLOCKED,DEV_SYNTHETIC,INELIGIBLE_DEV,"[""HARD_BLOCK:SIMULATED_CLOCK"", ""HARD_BLOCK:STALE_PRICE"", ""HARD_BLOCK:SYNTHETIC_SOURCE""]",260.0,2026-01-20T18:00:00Z,P:85133784be19618f4bff
2025020702,OTT@COL,2026-01-21T02:00:00Z,TEAM_TOTAL,FULL_GAME,OVER,2.5,OTT,synthbook,-213,1.46948357,0.68051118,0.650911,multiplicative,0.662667,-196,0.011755,-0.026222,HOME:UNKNOWN(8470591@0.549)|AWAY:UNKNOWN(8470615@1.000),2026-01-20T22:20:00Z,2026-01-20T22:20:00Z,BLOCKED,BLOCKED,DEV_SYNTHETIC,INELIGIBLE_DEV,"[""HARD_BLOCK:SIMULATED_CLOCK"", ""HARD_BLOCK:STALE_PRICE"", ""HARD_BLOCK:SYNTHETIC_SOURCE""]",260.0,2026-01-20T18:00:00Z,P:23a70e80fc4c42c09331
2025020702,OTT@COL,2026-01-21T02:00:00Z,TEAM_TOTAL,FULL_GAME,UNDER,2.5,OTT,synthbook,174,2.74,0.3649635,0.349089,multiplicative,0.337333,196,-0.011755,-0.075707,HOME:UNKNOWN(8470591@0.549)|AWAY:UNKNOWN(8470615@1.000),2026-01-20T22:20:00Z,2026-01-20T22:20:00Z,BLOCKED,BLOCKED,DEV_SYNTHETIC,INELIGIBLE_DEV,"[""HARD_BLOCK:SIMULATED_CLOCK"", ""HARD_BLOCK:STALE_PRICE"", ""HARD_BLOCK:SYNTHETIC_SOURCE""]",260.0,2026-01-20T18:00:00Z,P:833c6a3d98d5bda13619
2025020702,OTT@COL,2026-01-21T02:00:00Z,TOTAL,FULL_GAME,OVER,6.5,,synthbook,110,2.1,0.47619048,0.455617,multiplicative,0.522549,-109,0.066933,0.097353,HOME:UNKNOWN(8470591@0.549)|AWAY:UNKNOWN(8470615@1.000),2026-01-20T22:20:00Z,2026-01-20T22:20:00Z,BLOCKED,BLOCKED,DEV_SYNTHETIC,INELIGIBLE_DEV,"[""HARD_BLOCK:SIMULATED_CLOCK"", ""HARD_BLOCK:STALE_PRICE"", ""HARD_BLOCK:SYNTHETIC_SOURCE""]",260.0,2026-01-20T18:00:00Z,P:295766fae22f719912a8
2025020702,OTT@COL,2026-01-21T02:00:00Z,TOTAL,FULL_GAME,UNDER,6.5,,synthbook,-132,1.75757576,0.56896552,0.544383,multiplicative,0.477451,109,-0.066933,-0.160844,HOME:UNKNOWN(8470591@0.549)|AWAY:UNKNOWN(8470615@1.000),2026-01-20T22:20:00Z,2026-01-20T22:20:00Z,BLOCKED,BLOCKED,DEV_SYNTHETIC,INELIGIBLE_DEV,"[""HARD_BLOCK:SIMULATED_CLOCK"", ""HARD_BLOCK:STALE_PRICE"", ""HARD_BLOCK:SYNTHETIC_SOURCE""]",260.0,2026-01-20T18:00:00Z,P:49098499b9edd1a4e5b9
2025020703,CGY@EDM,2026-01-21T02:00:00Z,ML,FULL_GAME,AWAY,,,synthbook,-108,1.92592593,0.51923077,0.49673,multiplicative,0.420508,138,-0.076222,-0.190133,HOME:PROJECTED(8470597@0.880)|AWAY:UNKNOWN(8470588@0.599),2026-01-20T20:30:00Z,2026-01-20T20:30:00Z,BLOCKED,BLOCKED,DEV_SYNTHETIC,INELIGIBLE_DEV,"[""HARD_BLOCK:SIMULATED_CLOCK"", ""HARD_BLOCK:STALE_PRICE"", ""HARD_BLOCK:SYNTHETIC_SOURCE""]",150.0,2026-01-20T18:00:00Z,P:44f2bfcfa9d460e0fbf3
2025020703,CGY@EDM,2026-01-21T02:00:00Z,ML,FULL_GAME,HOME,,,synthbook,-111,1.9009009,0.52606635,0.50327,multiplicative,0.579492,-138,0.076222,0.101557,HOME:PROJECTED(8470597@0.880)|AWAY:UNKNOWN(8470588@0.599),2026-01-20T20:30:00Z,2026-01-20T20:30:00Z,BLOCKED,BLOCKED,DEV_SYNTHETIC,INELIGIBLE_DEV,"[""HARD_BLOCK:SIMULATED_CLOCK"", ""HARD_BLOCK:STALE_PRICE"", ""HARD_BLOCK:SYNTHETIC_SOURCE""]",150.0,2026-01-20T18:00:00Z,P:1b9784fedb1333d845f3
2025020703,CGY@EDM,2026-01-21T02:00:00Z,PUCK_LINE,FULL_GAME,AWAY,1.5,,synthbook,-276,1.36231884,0.73404255,0.702701,multiplicative,0.660028,-194,-0.042673,-0.100832,HOME:PROJECTED(8470597@0.880)|AWAY:UNKNOWN(8470588@0.599),2026-01-20T20:30:00Z,2026-01-20T20:30:00Z,BLOCKED,BLOCKED,DEV_SYNTHETIC,INELIGIBLE_DEV,"[""HARD_BLOCK:SIMULATED_CLOCK"", ""HARD_BLOCK:STALE_PRICE"", ""HARD_BLOCK:SYNTHETIC_SOURCE""]",150.0,2026-01-20T18:00:00Z,P:1343d5b7bc34d757c550
2025020703,CGY@EDM,2026-01-21T02:00:00Z,PUCK_LINE,FULL_GAME,HOME,-1.5,,synthbook,222,3.22,0.31055901,0.297299,multiplicative,0.339972,194,0.042673,0.094711,HOME:PROJECTED(8470597@0.880)|AWAY:UNKNOWN(8470588@0.599),2026-01-20T20:30:00Z,2026-01-20T20:30:00Z,BLOCKED,BLOCKED,DEV_SYNTHETIC,INELIGIBLE_DEV,"[""HARD_BLOCK:SIMULATED_CLOCK"", ""HARD_BLOCK:STALE_PRICE"", ""HARD_BLOCK:SYNTHETIC_SOURCE""]",150.0,2026-01-20T18:00:00Z,P:33804d18a4161753c67f
2025020703,CGY@EDM,2026-01-21T02:00:00Z,REG_3WAY,REGULATION,AWAY,,,synthbook,232,3.32,0.30120482,0.287021,multiplicative,0.31184,221,0.02482,0.03531,HOME:PROJECTED(8470597@0.880)|AWAY:UNKNOWN(8470588@0.599),2026-01-20T20:30:00Z,2026-01-20T20:30:00Z,BLOCKED,BLOCKED,DEV_SYNTHETIC,INELIGIBLE_DEV,"[""HARD_BLOCK:SIMULATED_CLOCK"", ""HARD_BLOCK:STALE_PRICE"", ""HARD_BLOCK:SYNTHETIC_SOURCE""]",150.0,2026-01-20T18:00:00Z,P:bb84d9f73604d3934bea
2025020703,CGY@EDM,2026-01-21T02:00:00Z,REG_3WAY,REGULATION,DRAW,,,synthbook,295,3.95,0.25316456,0.241243,multiplicative,0.224113,346,-0.017129,-0.114752,HOME:PROJECTED(8470597@0.880)|AWAY:UNKNOWN(8470588@0.599),2026-01-20T20:30:00Z,2026-01-20T20:30:00Z,BLOCKED,BLOCKED,DEV_SYNTHETIC,INELIGIBLE_DEV,"[""HARD_BLOCK:SIMULATED_CLOCK"", ""HARD_BLOCK:STALE_PRICE"", ""HARD_BLOCK:SYNTHETIC_SOURCE""]",150.0,2026-01-20T18:00:00Z,P:f5916bf59198c1c6a4ff
2025020703,CGY@EDM,2026-01-21T02:00:00Z,REG_3WAY,REGULATION,HOME,,,synthbook,102,2.02,0.4950495,0.471737,multiplicative,0.464046,115,-0.007691,-0.062627,HOME:PROJECTED(8470597@0.880)|AWAY:UNKNOWN(8470588@0.599),2026-01-20T20:30:00Z,2026-01-20T20:30:00Z,BLOCKED,BLOCKED,DEV_SYNTHETIC,INELIGIBLE_DEV,"[""HARD_BLOCK:SIMULATED_CLOCK"", ""HARD_BLOCK:STALE_PRICE"", ""HARD_BLOCK:SYNTHETIC_SOURCE""]",150.0,2026-01-20T18:00:00Z,P:a4908ca00e944548241f
2025020703,CGY@EDM,2026-01-21T02:00:00Z,TEAM_TOTAL,FULL_GAME,OVER,2.5,CGY,synthbook,-188,1.53191489,0.65277778,0.624707,multiplicative,0.572403,-134,-0.052304,-0.123128,HOME:PROJECTED(8470597@0.880)|AWAY:UNKNOWN(8470588@0.599),2026-01-20T20:30:00Z,2026-01-20T20:30:00Z,BLOCKED,BLOCKED,DEV_SYNTHETIC,INELIGIBLE_DEV,"[""HARD_BLOCK:SIMULATED_CLOCK"", ""HARD_BLOCK:STALE_PRICE"", ""HARD_BLOCK:SYNTHETIC_SOURCE""]",150.0,2026-01-20T18:00:00Z,P:f4c9f5f23f59be298a61
2025020703,CGY@EDM,2026-01-21T02:00:00Z,TEAM_TOTAL,FULL_GAME,UNDER,2.5,CGY,synthbook,155,2.55,0.39215686,0.375293,multiplicative,0.427597,134,0.052304,0.090373,HOME:PROJECTED(8470597@0.880)|AWAY:UNKNOWN(8470588@0.599),2026-01-20T20:30:00Z,2026-01-20T20:30:00Z,BLOCKED,BLOCKED,DEV_SYNTHETIC,INELIGIBLE_DEV,"[""HARD_BLOCK:SIMULATED_CLOCK"", ""HARD_BLOCK:STALE_PRICE"", ""HARD_BLOCK:SYNTHETIC_SOURCE""]",150.0,2026-01-20T18:00:00Z,P:25f1dab5651f1f1e1ea0
2025020703,CGY@EDM,2026-01-21T02:00:00Z,TEAM_TOTAL,FULL_GAME,OVER,2.5,EDM,synthbook,-227,1.44052863,0.6941896,0.664254,multiplicative,0.678878,-211,0.014624,-0.022056,HOME:PROJECTED(8470597@0.880)|AWAY:UNKNOWN(8470588@0.599),2026-01-20T20:30:00Z,2026-01-20T20:30:00Z,BLOCKED,BLOCKED,DEV_SYNTHETIC,INELIGIBLE_DEV,"[""HARD_BLOCK:SIMULATED_CLOCK"", ""HARD_BLOCK:STALE_PRICE"", ""HARD_BLOCK:SYNTHETIC_SOURCE""]",150.0,2026-01-20T18:00:00Z,P:f34aef3d82612428560a
2025020703,CGY@EDM,2026-01-21T02:00:00Z,TEAM_TOTAL,FULL_GAME,UNDER,2.5,EDM,synthbook,185,2.85,0.35087719,0.335746,multiplicative,0.321122,211,-0.014624,-0.084803,HOME:PROJECTED(8470597@0.880)|AWAY:UNKNOWN(8470588@0.599),2026-01-20T20:30:00Z,2026-01-20T20:30:00Z,BLOCKED,BLOCKED,DEV_SYNTHETIC,INELIGIBLE_DEV,"[""HARD_BLOCK:SIMULATED_CLOCK"", ""HARD_BLOCK:STALE_PRICE"", ""HARD_BLOCK:SYNTHETIC_SOURCE""]",150.0,2026-01-20T18:00:00Z,P:8cb9ca9966185df34c75
2025020703,CGY@EDM,2026-01-21T02:00:00Z,TOTAL,FULL_GAME,OVER,6.5,,synthbook,128,2.28,0.43859649,0.420378,multiplicative,0.46201,116,0.041632,0.053383,HOME:PROJECTED(8470597@0.880)|AWAY:UNKNOWN(8470588@0.599),2026-01-20T20:30:00Z,2026-01-20T20:30:00Z,BLOCKED,BLOCKED,DEV_SYNTHETIC,INELIGIBLE_DEV,"[""HARD_BLOCK:SIMULATED_CLOCK"", ""HARD_BLOCK:STALE_PRICE"", ""HARD_BLOCK:SYNTHETIC_SOURCE""]",150.0,2026-01-20T18:00:00Z,P:7fe3ca7fbe98712188db
2025020703,CGY@EDM,2026-01-21T02:00:00Z,TOTAL,FULL_GAME,UNDER,6.5,,synthbook,-153,1.65359477,0.60474308,0.579622,multiplicative,0.53799,-116,-0.041632,-0.110382,HOME:PROJECTED(8470597@0.880)|AWAY:UNKNOWN(8470588@0.599),2026-01-20T20:30:00Z,2026-01-20T20:30:00Z,BLOCKED,BLOCKED,DEV_SYNTHETIC,INELIGIBLE_DEV,"[""HARD_BLOCK:SIMULATED_CLOCK"", ""HARD_BLOCK:STALE_PRICE"", ""HARD_BLOCK:SYNTHETIC_SOURCE""]",150.0,2026-01-20T18:00:00Z,P:ef26b51dce02a9d0d882
2025020704,WPG@SJS,2026-01-21T02:00:00Z,ML,FULL_GAME,AWAY,,,synthbook,-124,1.80645161,0.55357143,0.530359,multiplicative,0.492492,103,-0.037867,-0.110337,HOME:UNKNOWN(8470624@0.549)|AWAY:UNKNOWN(8470637@0.565),2026-01-20T20:30:00Z,2026-01-20T20:30:00Z,BLOCKED,BLOCKED,DEV_SYNTHETIC,INELIGIBLE_DEV,"[""HARD_BLOCK:SIMULATED_CLOCK"", ""HARD_BLOCK:STALE_PRICE"", ""HARD_BLOCK:SYNTHETIC_SOURCE""]",150.0,2026-01-20T18:00:00Z,P:8108127ba6754d7bfb2b
2025020704,WPG@SJS,2026-01-21T02:00:00Z,ML,FULL_GAME,HOME,,,synthbook,104,2.04,0.49019608,0.469641,multiplicative,0.507508,-103,0.037867,0.035317,HOME:UNKNOWN(8470624@0.549)|AWAY:UNKNOWN(8470637@0.565),2026-01-20T20:30:00Z,2026-01-20T20:30:00Z,BLOCKED,BLOCKED,DEV_SYNTHETIC,INELIGIBLE_DEV,"[""HARD_BLOCK:SIMULATED_CLOCK"", ""HARD_BLOCK:STALE_PRICE"", ""HARD_BLOCK:SYNTHETIC_SOURCE""]",150.0,2026-01-20T18:00:00Z,P:36c4131d8262d0665b79
2025020704,WPG@SJS,2026-01-21T02:00:00Z,PUCK_LINE,FULL_GAME,AWAY,1.5,,synthbook,-268,1.37313433,0.72826087,0.697089,multiplicative,0.728383,-268,0.031293,0.000167,HOME:UNKNOWN(8470624@0.549)|AWAY:UNKNOWN(8470637@0.565),2026-01-20T20:30:00Z,2026-01-20T20:30:00Z,BLOCKED,BLOCKED,DEV_SYNTHETIC,INELIGIBLE_DEV,"[""HARD_BLOCK:SIMULATED_CLOCK"", ""HARD_BLOCK:STALE_PRICE"", ""HARD_BLOCK:SYNTHETIC_SOURCE""]",150.0,2026-01-20T18:00:00Z,P:15ccd874d0b35cfe312f
2025020704,WPG@SJS,2026-01-21T02:00:00Z,PUCK_LINE,FULL_GAME,HOME,-1.5,,synthbook,216,3.16,0.3164557,0.302911,multiplicative,0.271617,268,-0.031293,-0.141689,HOME:UNKNOWN(8470624@0.549)|AWAY:UNKNOWN(8470637@0.565),2026-01-20T20:30:00Z,2026-01-20T20:30:00Z,BLOCKED,BLOCKED,DEV_SYNTHETIC,INELIGIBLE_DEV,"[""HARD_BLOCK:SIMULATED_CLOCK"", ""HARD_BLOCK:STALE_PRICE"", ""HARD_BLOCK:SYNTHETIC_SOURCE""]",150.0,2026-01-20T18:00:00Z,P:15844fddf743a9e9bcea
2025020704,WPG@SJS,2026-01-21T02:00:00Z,REG_3WAY,REGULATION,AWAY,,,synthbook,179,2.79,0.35842294,0.341372,multiplicative,0.383308,161,0.041937,0.06943,HOME:UNKNOWN(8470624@0.549)|AWAY:UNKNOWN(8470637@0.565),2026-01-20T20:30:00Z,2026-01-20T20:30:00Z,BLOCKED,BLOCKED,DEV_SYNTHETIC,INELIGIBLE_DEV,"[""HARD_BLOCK:SIMULATED_CLOCK"", ""HARD_BLOCK:STALE_PRICE"", ""HARD_BLOCK:SYNTHETIC_SOURCE""]",150.0,2026-01-20T18:00:00Z,P:a306722fe16afdbfac41
2025020704,WPG@SJS,2026-01-21T02:00:00Z,REG_3WAY,REGULATION,DRAW,,,synthbook,308,4.08,0.24509804,0.233438,multiplicative,0.223151,348,-0.010287,-0.089545,HOME:UNKNOWN(8470624@0.549)|AWAY:UNKNOWN(8470637@0.565),2026-01-20T20:30:00Z,2026-01-20T20:30:00Z,BLOCKED,BLOCKED,DEV_SYNTHETIC,INELIGIBLE_DEV,"[""HARD_BLOCK:SIMULATED_CLOCK"", ""HARD_BLOCK:STALE_PRICE"", ""HARD_BLOCK:SYNTHETIC_SOURCE""]",150.0,2026-01-20T18:00:00Z,P:a18b1bc7e5580302150c
2025020704,WPG@SJS,2026-01-21T02:00:00Z,REG_3WAY,REGULATION,HOME,,,synthbook,124,2.24,0.44642857,0.42519,multiplicative,0.393541,154,-0.031649,-0.118468,HOME:UNKNOWN(8470624@0.549)|AWAY:UNKNOWN(8470637@0.565),2026-01-20T20:30:00Z,2026-01-20T20:30:00Z,BLOCKED,BLOCKED,DEV_SYNTHETIC,INELIGIBLE_DEV,"[""HARD_BLOCK:SIMULATED_CLOCK"", ""HARD_BLOCK:STALE_PRICE"", ""HARD_BLOCK:SYNTHETIC_SOURCE""]",150.0,2026-01-20T18:00:00Z,P:802df23b9d4db5c33b22
2025020704,WPG@SJS,2026-01-21T02:00:00Z,TEAM_TOTAL,FULL_GAME,OVER,2.5,SJS,synthbook,-183,1.54644809,0.64664311,0.618768,multiplicative,0.616142,-161,-0.002626,-0.047169,HOME:UNKNOWN(8470624@0.549)|AWAY:UNKNOWN(8470637@0.565),2026-01-20T20:30:00Z,2026-01-20T20:30:00Z,BLOCKED,BLOCKED,DEV_SYNTHETIC,INELIGIBLE_DEV,"[""HARD_BLOCK:SIMULATED_CLOCK"", ""HARD_BLOCK:STALE_PRICE"", ""HARD_BLOCK:SYNTHETIC_SOURCE""]",150.0,2026-01-20T18:00:00Z,P:607fadf65104bb48da64
2025020704,WPG@SJS,2026-01-21T02:00:00Z,TEAM_TOTAL,FULL_GAME,UNDER,2.5,SJS,synthbook,151,2.51,0.39840637,0.381232,multiplicative,0.383858,161,0.002626,-0.036516,HOME:UNKNOWN(8470624@0.549)|AWAY:UNKNOWN(8470637@0.565),2026-01-20T20:30:00Z,2026-01-20T20:30:00Z,BLOCKED,BLOCKED,DEV_SYNTHETIC,INELIGIBLE_DEV,"[""HARD_BLOCK:SIMULATED_CLOCK"", ""HARD_BLOCK:STALE_PRICE"", ""HARD_BLOCK:SYNTHETIC_SOURCE""]",150.0,2026-01-20T18:00:00Z,P:58616ea3c8331a12d4d8
2025020704,WPG@SJS,2026-01-21T02:00:00Z,TEAM_TOTAL,FULL_GAME,OVER,2.5,WPG,synthbook,-205,1.48780488,0.67213115,0.643024,multiplicative,0.616155,-161,-0.026869,-0.083281,HOME:UNKNOWN(8470624@0.549)|AWAY:UNKNOWN(8470637@0.565),2026-01-20T20:30:00Z,2026-01-20T20:30:00Z,BLOCKED,BLOCKED,DEV_SYNTHETIC,INELIGIBLE_DEV,"[""HARD_BLOCK:SIMULATED_CLOCK"", ""HARD_BLOCK:STALE_PRICE"", ""HARD_BLOCK:SYNTHETIC_SOURCE""]",150.0,2026-01-20T18:00:00Z,P:79cba72d0ca35c654145
2025020704,WPG@SJS,2026-01-21T02:00:00Z,TEAM_TOTAL,FULL_GAME,UNDER,2.5,WPG,synthbook,168,2.68,0.37313433,0.356976,multiplicative,0.383845,161,0.026869,0.028704,HOME:UNKNOWN(8470624@0.549)|AWAY:UNKNOWN(8470637@0.565),2026-01-20T20:30:00Z,2026-01-20T20:30:00Z,BLOCKED,BLOCKED,DEV_SYNTHETIC,INELIGIBLE_DEV,"[""HARD_BLOCK:SIMULATED_CLOCK"", ""HARD_BLOCK:STALE_PRICE"", ""HARD_BLOCK:SYNTHETIC_SOURCE""]",150.0,2026-01-20T18:00:00Z,P:2542d2fc96d1d2b77273
2025020704,WPG@SJS,2026-01-21T02:00:00Z,TOTAL,FULL_GAME,OVER,6.5,,synthbook,139,2.39,0.41841004,0.400287,multiplicative,0.447093,124,0.046806,0.068552,HOME:UNKNOWN(8470624@0.549)|AWAY:UNKNOWN(8470637@0.565),2026-01-20T20:30:00Z,2026-01-20T20:30:00Z,BLOCKED,BLOCKED,DEV_SYNTHETIC,INELIGIBLE_DEV,"[""HARD_BLOCK:SIMULATED_CLOCK"", ""HARD_BLOCK:STALE_PRICE"", ""HARD_BLOCK:SYNTHETIC_SOURCE""]",150.0,2026-01-20T18:00:00Z,P:0c408f9d59c56e0f0ead
2025020704,WPG@SJS,2026-01-21T02:00:00Z,TOTAL,FULL_GAME,UNDER,6.5,,synthbook,-168,1.5952381,0.62686567,0.599713,multiplicative,0.552907,-124,-0.046806,-0.117981,HOME:UNKNOWN(8470624@0.549)|AWAY:UNKNOWN(8470637@0.565),2026-01-20T20:30:00Z,2026-01-20T20:30:00Z,BLOCKED,BLOCKED,DEV_SYNTHETIC,INELIGIBLE_DEV,"[""HARD_BLOCK:SIMULATED_CLOCK"", ""HARD_BLOCK:STALE_PRICE"", ""HARD_BLOCK:SYNTHETIC_SOURCE""]",150.0,2026-01-20T18:00:00Z,P:769a53b1dcab93392e30
