game_id,category,status,latest_available_at,age_minutes,detail
2025020702,event_inputs,OK,2026-01-21T06:00:00Z,60.0,2017 results
2025020702,goalie_reports:COL,MISSING,,,workload model only
2025020702,goalie_reports:OTT,OK,2026-01-20T22:10:00Z,530.0,SCRATCHED
2025020702,odds,STALE,2026-01-21T01:55:00Z,305.0,52 observations
2025020702,player_inputs,OK,2025-07-01T00:00:00Z,294180.0,576 player-seasons
2025020702,roster:COL,STALE,2025-09-15T00:00:00Z,184740.0,
2025020702,roster:OTT,STALE,2025-09-15T00:00:00Z,184740.0,
2025020702,schedule,OK,2025-07-01T00:00:00Z,294180.0,SCHEDULED
2025020702,team_inputs:COL,OK,2026-01-20T12:00:00Z,1140.0,
2025020702,team_inputs:OTT,OK,2026-01-20T12:00:00Z,1140.0,
2025020703,event_inputs,OK,2026-01-21T06:00:00Z,60.0,2017 results
2025020703,goalie_reports:CGY,MISSING,,,workload model only
2025020703,goalie_reports:EDM,OK,2026-01-20T20:00:00Z,660.0,PROJECTED
2025020703,odds,STALE,2026-01-21T01:55:00Z,305.0,52 observations
2025020703,player_inputs,OK,2025-07-01T00:00:00Z,294180.0,576 player-seasons
2025020703,roster:CGY,STALE,2025-09-15T00:00:00Z,184740.0,
2025020703,roster:EDM,STALE,2025-09-15T00:00:00Z,184740.0,
2025020703,schedule,OK,2025-07-01T00:00:00Z,294180.0,SCHEDULED
2025020703,team_inputs:CGY,OK,2026-01-18T12:00:00Z,4020.0,
2025020703,team_inputs:EDM,OK,2026-01-19T12:00:00Z,2580.0,
2025020704,event_inputs,OK,2026-01-21T06:00:00Z,60.0,2017 results
2025020704,goalie_reports:SJS,MISSING,,,workload model only
2025020704,goalie_reports:WPG,MISSING,,,workload model only
2025020704,odds,STALE,2026-01-21T01:55:00Z,305.0,52 observations
2025020704,player_inputs,OK,2025-07-01T00:00:00Z,294180.0,576 player-seasons
2025020704,roster:SJS,STALE,2025-09-15T00:00:00Z,184740.0,
2025020704,roster:WPG,STALE,2025-09-15T00:00:00Z,184740.0,
2025020704,schedule,OK,2025-07-01T00:00:00Z,294180.0,SCHEDULED
2025020704,team_inputs:SJS,OK,2026-01-20T12:00:00Z,1140.0,
2025020704,team_inputs:WPG,OK,2026-01-18T12:00:00Z,4020.0,
2025020705,event_inputs,OK,2026-01-21T06:00:00Z,60.0,2017 results
2025020705,goalie_reports:BUF,OK,2026-01-20T21:30:00Z,570.0,CONFIRMED
2025020705,goalie_reports:NSH,MISSING,,,workload model only
2025020705,odds,STALE,2026-01-20T22:55:00Z,485.0,52 observations
2025020705,player_inputs,OK,2025-07-01T00:00:00Z,294180.0,576 player-seasons
2025020705,roster:BUF,STALE,2025-09-15T00:00:00Z,184740.0,
2025020705,roster:NSH,STALE,2025-09-15T00:00:00Z,184740.0,
2025020705,schedule,OK,2025-07-01T00:00:00Z,294180.0,SCHEDULED
2025020705,team_inputs:BUF,OK,2026-01-20T12:00:00Z,1140.0,
2025020705,team_inputs:NSH,OK,2026-01-20T12:00:00Z,1140.0,
2025020706,event_inputs,OK,2026-01-21T06:00:00Z,60.0,2017 results
2025020706,goalie_reports:DET,OK,2026-01-20T21:30:00Z,570.0,CONFIRMED
2025020706,goalie_reports:WSH,OK,2026-01-20T17:00:00Z,840.0,PROJECTED
2025020706,odds,STALE,2026-01-20T22:55:00Z,485.0,52 observations
2025020706,player_inputs,OK,2025-07-01T00:00:00Z,294180.0,576 player-seasons
2025020706,roster:DET,STALE,2025-09-15T00:00:00Z,184740.0,
2025020706,roster:WSH,STALE,2025-09-15T00:00:00Z,184740.0,
2025020706,schedule,OK,2025-07-01T00:00:00Z,294180.0,SCHEDULED
2025020706,team_inputs:DET,OK,2026-01-19T12:00:00Z,2580.0,
2025020706,team_inputs:WSH,STALE,2026-01-17T12:00:00Z,5460.0,
