prediction_id,game_id,market_key,sportsbook,as_of,evidence_lane,status,effective_status,eligibility,shadow_lane,block_reasons,reason_codes,overrides
P:cb63861a6fdfd5a92d1a,2025020702,2025020702:ML:HOME,synthbook,2026-01-20T14:00:00Z,DEV_SYNTHETIC,BLOCKED,BLOCKED(OVERRIDE),INELIGIBLE_DEV,PASS,"[""HARD_BLOCK:SIMULATED_CLOCK"", ""HARD_BLOCK:STALE_PRICE"", ""HARD_BLOCK:SYNTHETIC_SOURCE""]","[""HARD_BLOCK:SYNTHETIC_SOURCE"", ""HARD_BLOCK:SIMULATED_CLOCK"", ""HARD_BLOCK:STALE_PRICE""]","[{""action"": ""DEMOTE"", ""effective"": 1, ""operator"": ""drill-operator"", ""reason"": ""demonstration of logged demotion"", ""refusal"": """"}, {""action"": ""PROMOTE_REQUEST"", ""effective"": 0, ""operator"": ""drill-operator"", ""reason"": ""demonstration: refused"", ""refusal"": ""validation gates have not passed for this market""}]"
P:6f42ac71d43d0c9528ca,2025020702,2025020702:ML:AWAY,synthbook,2026-01-20T14:00:00Z,DEV_SYNTHETIC,BLOCKED,BLOCKED,INELIGIBLE_DEV,MODEL_PLUS,"[""HARD_BLOCK:SIMULATED_CLOCK"", ""HARD_BLOCK:STALE_PRICE"", ""HARD_BLOCK:SYNTHETIC_SOURCE""]","[""HARD_BLOCK:SYNTHETIC_SOURCE"", ""HARD_BLOCK:SIMULATED_CLOCK"", ""HARD_BLOCK:STALE_PRICE""]",[]
P:97f4655abc92207b2d39,2025020702,2025020702:PUCK_LINE:HOME:-1.5,synthbook,2026-01-20T14:00:00Z,DEV_SYNTHETIC,BLOCKED,BLOCKED,INELIGIBLE_DEV,PASS,"[""HARD_BLOCK:SIMULATED_CLOCK"", ""HARD_BLOCK:STALE_PRICE"", ""HARD_BLOCK:SYNTHETIC_SOURCE""]","[""HARD_BLOCK:SYNTHETIC_SOURCE"", ""HARD_BLOCK:SIMULATED_CLOCK"", ""HARD_BLOCK:STALE_PRICE""]",[]
P:5c2aa2ed23876e5da03a,2025020702,2025020702:PUCK_LINE:AWAY:+1.5,synthbook,2026-01-20T14:00:00Z,DEV_SYNTHETIC,BLOCKED,BLOCKED,INELIGIBLE_DEV,PASS,"[""HARD_BLOCK:SIMULATED_CLOCK"", ""HARD_BLOCK:STALE_PRICE"", ""HARD_BLOCK:SYNTHETIC_SOURCE""]","[""HARD_BLOCK:SYNTHETIC_SOURCE"", ""HARD_BLOCK:SIMULATED_CLOCK"", ""HARD_BLOCK:STALE_PRICE""]",[]
P:5a215223daa4b1357713,2025020702,2025020702:REG_3WAY:HOME,synthbook,2026-01-20T14:00:00Z,DEV_SYNTHETIC,BLOCKED,BLOCKED,INELIGIBLE_DEV,PASS,"[""HARD_BLOCK:SIMULATED_CLOCK"", ""HARD_BLOCK:STALE_PRICE"", ""HARD_BLOCK:SYNTHETIC_SOURCE""]","[""HARD_BLOCK:SYNTHETIC_SOURCE"", ""HARD_BLOCK:SIMULATED_CLOCK"", ""HARD_BLOCK:STALE_PRICE""]",[]
P:a0d3a3b37519c3b383c1,2025020702,2025020702:REG_3WAY:DRAW,synthbook,2026-01-20T14:00:00Z,DEV_SYNTHETIC,BLOCKED,BLOCKED,INELIGIBLE_DEV,PASS,"[""HARD_BLOCK:SIMULATED_CLOCK"", ""HARD_BLOCK:STALE_PRICE"", ""HARD_BLOCK:SYNTHETIC_SOURCE""]","[""HARD_BLOCK:SYNTHETIC_SOURCE"", ""HARD_BLOCK:SIMULATED_CLOCK"", ""HARD_BLOCK:STALE_PRICE""]",[]
P:da8611f4acf841b16001,2025020702,2025020702:REG_3WAY:AWAY,synthbook,2026-01-20T14:00:00Z,DEV_SYNTHETIC,BLOCKED,BLOCKED,INELIGIBLE_DEV,PASS,"[""HARD_BLOCK:SIMULATED_CLOCK"", ""HARD_BLOCK:STALE_PRICE"", ""HARD_BLOCK:SYNTHETIC_SOURCE""]","[""HARD_BLOCK:SYNTHETIC_SOURCE"", ""HARD_BLOCK:SIMULATED_CLOCK"", ""HARD_BLOCK:STALE_PRICE""]",[]
P:76e6adfc2dbe0c800194,2025020702,2025020702:TEAM_TOTAL:COL:OVER:+2.5,synthbook,2026-01-20T14:00:00Z,DEV_SYNTHETIC,BLOCKED,BLOCKED,INELIGIBLE_DEV,MODEL_PLUS,"[""HARD_BLOCK:SIMULATED_CLOCK"", ""HARD_BLOCK:STALE_PRICE"", ""HARD_BLOCK:SYNTHETIC_SOURCE""]","[""HARD_BLOCK:SYNTHETIC_SOURCE"", ""HARD_BLOCK:SIMULATED_CLOCK"", ""HARD_BLOCK:STALE_PRICE""]",[]
P:99f06aa8e25f76ca5135,2025020702,2025020702:TEAM_TOTAL:COL:UNDER:+2.5,synthbook,2026-01-20T14:00:00Z,DEV_SYNTHETIC,BLOCKED,BLOCKED,INELIGIBLE_DEV,PASS,"[""HARD_BLOCK:SIMULATED_CLOCK"", ""HARD_BLOCK:STALE_PRICE"", ""HARD_BLOCK:SYNTHETIC_SOURCE""]","[""HARD_BLOCK:SYNTHETIC_SOURCE"", ""HARD_BLOCK:SIMULATED_CLOCK"", ""HARD_BLOCK:STALE_PRICE""]",[]
P:fdccb90dc86c38d03fcf,2025020702,2025020702:TEAM_TOTAL:OTT:OVER:+2.5,synthbook,2026-01-20T14:00:00Z,DEV_SYNTHETIC,BLOCKED,BLOCKED,INELIGIBLE_DEV,MODEL_PLUS,"[""HARD_BLOCK:SIMULATED_CLOCK"", ""HARD_BLOCK:STALE_PRICE"", ""HARD_BLOCK:SYNTHETIC_SOURCE""]","[""HARD_BLOCK:SYNTHETIC_SOURCE"", ""HARD_BLOCK:SIMULATED_CLOCK"", ""HARD_BLOCK:STALE_PRICE""]",[]
P:61a4bb6be1061d2921a5,2025020702,2025020702:TEAM_TOTAL:OTT:UNDER:+2.5,synthbook,2026-01-20T14:00:00Z,DEV_SYNTHETIC,BLOCKED,BLOCKED,INELIGIBLE_DEV,PASS,"[""HARD_BLOCK:SIMULATED_CLOCK"", ""HARD_BLOCK:STALE_PRICE"", ""HARD_BLOCK:SYNTHETIC_SOURCE""]","[""HARD_BLOCK:SYNTHETIC_SOURCE"", ""HARD_BLOCK:SIMULATED_CLOCK"", ""HARD_BLOCK:STALE_PRICE""]",[]
P:e7823b30561567211f45,2025020702,2025020702:TOTAL:OVER:+6.5,synthbook,2026-01-20T14:00:00Z,DEV_SYNTHETIC,BLOCKED,BLOCKED,INELIGIBLE_DEV,MODEL_PLUS,"[""HARD_BLOCK:SIMULATED_CLOCK"", ""HARD_BLOCK:STALE_PRICE"", ""HARD_BLOCK:SYNTHETIC_SOURCE""]","[""HARD_BLOCK:SYNTHETIC_SOURCE"", ""HARD_BLOCK:SIMULATED_CLOCK"", ""HARD_BLOCK:STALE_PRICE""]",[]
P:c855d73d5951575b2e61,2025020702,2025020702:TOTAL:UNDER:+6.5,synthbook,2026-01-20T14:00:00Z,DEV_SYNTHETIC,BLOCKED,BLOCKED,INELIGIBLE_DEV,PASS,"[""HARD_BLOCK:SIMULATED_CLOCK"", ""HARD_BLOCK:STALE_PRICE"", ""HARD_BLOCK:SYNTHETIC_SOURCE""]","[""HARD_BLOCK:SYNTHETIC_SOURCE"", ""HARD_BLOCK:SIMULATED_CLOCK"", ""HARD_BLOCK:STALE_PRICE""]",[]
P:7799717ec62b0a14b19d,2025020703,2025020703:ML:HOME,synthbook,2026-01-20T14:00:00Z,DEV_SYNTHETIC,BLOCKED,BLOCKED,INELIGIBLE_DEV,PASS,"[""HARD_BLOCK:SIMULATED_CLOCK"", ""HARD_BLOCK:STALE_PRICE"", ""HARD_BLOCK:SYNTHETIC_SOURCE""]","[""HARD_BLOCK:SYNTHETIC_SOURCE"", ""HARD_BLOCK:SIMULATED_CLOCK"", ""HARD_BLOCK:STALE_PRICE""]",[]
P:3dc1239e019edbf31f50,2025020703,2025020703:ML:AWAY,synthbook,2026-01-20T14:00:00Z,DEV_SYNTHETIC,BLOCKED,BLOCKED,INELIGIBLE_DEV,PASS,"[""HARD_BLOCK:SIMULATED_CLOCK"", ""HARD_BLOCK:STALE_PRICE"", ""HARD_BLOCK:SYNTHETIC_SOURCE""]","[""HARD_BLOCK:SYNTHETIC_SOURCE"", ""HARD_BLOCK:SIMULATED_CLOCK"", ""HARD_BLOCK:STALE_PRICE""]",[]
P:d0296c78244a65f92d8a,2025020703,2025020703:PUCK_LINE:HOME:-1.5,synthbook,2026-01-20T14:00:00Z,DEV_SYNTHETIC,BLOCKED,BLOCKED,INELIGIBLE_DEV,MODEL_PLUS,"[""HARD_BLOCK:SIMULATED_CLOCK"", ""HARD_BLOCK:STALE_PRICE"", ""HARD_BLOCK:SYNTHETIC_SOURCE""]","[""HARD_BLOCK:SYNTHETIC_SOURCE"", ""HARD_BLOCK:SIMULATED_CLOCK"", ""HARD_BLOCK:STALE_PRICE""]",[]
P:f350130a1f6b82537d9a,2025020703,2025020703:PUCK_LINE:AWAY:+1.5,synthbook,2026-01-20T14:00:00Z,DEV_SYNTHETIC,BLOCKED,BLOCKED,INELIGIBLE_DEV,PASS,"[""HARD_BLOCK:SIMULATED_CLOCK"", ""HARD_BLOCK:STALE_PRICE"", ""HARD_BLOCK:SYNTHETIC_SOURCE""]","[""HARD_BLOCK:SYNTHETIC_SOURCE"", ""HARD_BLOCK:SIMULATED_CLOCK"", ""HARD_BLOCK:STALE_PRICE""]",[]
P:f12185d71d815eb22a56,2025020703,2025020703:REG_3WAY:HOME,synthbook,2026-01-20T14:00:00Z,DEV_SYNTHETIC,BLOCKED,BLOCKED,INELIGIBLE_DEV,WATCH,"[""HARD_BLOCK:SIMULATED_CLOCK"", ""HARD_BLOCK:STALE_PRICE"", ""HARD_BLOCK:SYNTHETIC_SOURCE""]","[""HARD_BLOCK:SYNTHETIC_SOURCE"", ""HARD_BLOCK:SIMULATED_CLOCK"", ""HARD_BLOCK:STALE_PRICE""]",[]
P:4455e4f4b56b81a63362,2025020703,2025020703:REG_3WAY:DRAW,synthbook,2026-01-20T14:00:00Z,DEV_SYNTHETIC,BLOCKED,BLOCKED,INELIGIBLE_DEV,PASS,"[""HARD_BLOCK:SIMULATED_CLOCK"", ""HARD_BLOCK:STALE_PRICE"", ""HARD_BLOCK:SYNTHETIC_SOURCE""]","[""HARD_BLOCK:SYNTHETIC_SOURCE"", ""HARD_BLOCK:SIMULATED_CLOCK"", ""HARD_BLOCK:STALE_PRICE""]",[]
P:d077a9b2c6fc3c62f943,2025020703,2025020703:REG_3WAY:AWAY,synthbook,2026-01-20T14:00:00Z,DEV_SYNTHETIC,BLOCKED,BLOCKED,INELIGIBLE_DEV,PASS,"[""HARD_BLOCK:SIMULATED_CLOCK"", ""HARD_BLOCK:STALE_PRICE"", ""HARD_BLOCK:SYNTHETIC_SOURCE""]","[""HARD_BLOCK:SYNTHETIC_SOURCE"", ""HARD_BLOCK:SIMULATED_CLOCK"", ""HARD_BLOCK:STALE_PRICE""]",[]
P:5a8cc27f41012ff87ec0,2025020703,2025020703:TEAM_TOTAL:CGY:OVER:+2.5,synthbook,2026-01-20T14:00:00Z,DEV_SYNTHETIC,BLOCKED,BLOCKED,INELIGIBLE_DEV,PASS,"[""HARD_BLOCK:SIMULATED_CLOCK"", ""HARD_BLOCK:STALE_PRICE"", ""HARD_BLOCK:SYNTHETIC_SOURCE""]","[""HARD_BLOCK:SYNTHETIC_SOURCE"", ""HARD_BLOCK:SIMULATED_CLOCK"", ""HARD_BLOCK:STALE_PRICE""]",[]
P:c9c72d2f1bd4658e4367,2025020703,2025020703:TEAM_TOTAL:CGY:UNDER:+2.5,synthbook,2026-01-20T14:00:00Z,DEV_SYNTHETIC,BLOCKED,BLOCKED,INELIGIBLE_DEV,MODEL_PLUS,"[""HARD_BLOCK:SIMULATED_CLOCK"", ""HARD_BLOCK:STALE_PRICE"", ""HARD_BLOCK:SYNTHETIC_SOURCE""]","[""HARD_BLOCK:SYNTHETIC_SOURCE"", ""HARD_BLOCK:SIMULATED_CLOCK"", ""HARD_BLOCK:STALE_PRICE""]",[]
P:fcee04f8d0c243d8ab14,2025020703,2025020703:TEAM_TOTAL:EDM:OVER:+2.5,synthbook,2026-01-20T14:00:00Z,DEV_SYNTHETIC,BLOCKED,BLOCKED,INELIGIBLE_DEV,PASS,"[""HARD_BLOCK:SIMULATED_CLOCK"", ""HARD_BLOCK:STALE_PRICE"", ""HARD_BLOCK:SYNTHETIC_SOURCE""]","[""HARD_BLOCK:SYNTHETIC_SOURCE"", ""HARD_BLOCK:SIMULATED_CLOCK"", ""HARD_BLOCK:STALE_PRICE""]",[]
P:e5eb7cb96ad7d3bf3eb7,2025020703,2025020703:TEAM_TOTAL:EDM:UNDER:+2.5,synthbook,2026-01-20T14:00:00Z,DEV_SYNTHETIC,BLOCKED,BLOCKED,INELIGIBLE_DEV,PASS,"[""HARD_BLOCK:SIMULATED_CLOCK"", ""HARD_BLOCK:STALE_PRICE"", ""HARD_BLOCK:SYNTHETIC_SOURCE""]","[""HARD_BLOCK:SYNTHETIC_SOURCE"", ""HARD_BLOCK:SIMULATED_CLOCK"", ""HARD_BLOCK:STALE_PRICE""]",[]
P:55cad92a9a36a781c09a,2025020703,2025020703:TOTAL:OVER:+6.5,synthbook,2026-01-20T14:00:00Z,DEV_SYNTHETIC,BLOCKED,BLOCKED,INELIGIBLE_DEV,PASS,"[""HARD_BLOCK:SIMULATED_CLOCK"", ""HARD_BLOCK:STALE_PRICE"", ""HARD_BLOCK:SYNTHETIC_SOURCE""]","[""HARD_BLOCK:SYNTHETIC_SOURCE"", ""HARD_BLOCK:SIMULATED_CLOCK"", ""HARD_BLOCK:STALE_PRICE""]",[]
P:c4a6407b1391993e8fee,2025020703,2025020703:TOTAL:UNDER:+6.5,synthbook,2026-01-20T14:00:00Z,DEV_SYNTHETIC,BLOCKED,BLOCKED,INELIGIBLE_DEV,WATCH,"[""HARD_BLOCK:SIMULATED_CLOCK"", ""HARD_BLOCK:STALE_PRICE"", ""HARD_BLOCK:SYNTHETIC_SOURCE""]","[""HARD_BLOCK:SYNTHETIC_SOURCE"", ""HARD_BLOCK:SIMULATED_CLOCK"", ""HARD_BLOCK:STALE_PRICE""]",[]
P:03275cc26bc756d3f709,2025020704,2025020704:ML:HOME,synthbook,2026-01-20T14:00:00Z,DEV_SYNTHETIC,BLOCKED,BLOCKED,INELIGIBLE_DEV,MODEL_PLUS,"[""HARD_BLOCK:SIMULATED_CLOCK"", ""HARD_BLOCK:STALE_PRICE"", ""HARD_BLOCK:SYNTHETIC_SOURCE""]","[""HARD_BLOCK:SYNTHETIC_SOURCE"", ""HARD_BLOCK:SIMULATED_CLOCK"", ""HARD_BLOCK:STALE_PRICE""]",[]
P:d1114485d73d209efae4,2025020704,2025020704:ML:AWAY,synthbook,2026-01-20T14:00:00Z,DEV_SYNTHETIC,BLOCKED,BLOCKED,INELIGIBLE_DEV,PASS,"[""HARD_BLOCK:SIMULATED_CLOCK"", ""HARD_BLOCK:STALE_PRICE"", ""HARD_BLOCK:SYNTHETIC_SOURCE""]","[""HARD_BLOCK:SYNTHETIC_SOURCE"", ""HARD_BLOCK:SIMULATED_CLOCK"", ""HARD_BLOCK:STALE_PRICE""]",[]
P:51e819c918f85a09cb18,2025020704,2025020704:PUCK_LINE:HOME:-1.5,synthbook,2026-01-20T14:00:00Z,DEV_SYNTHETIC,BLOCKED,BLOCKED,INELIGIBLE_DEV,PASS,"[""HARD_BLOCK:SIMULATED_CLOCK"", ""HARD_BLOCK:STALE_PRICE"", ""HARD_BLOCK:SYNTHETIC_SOURCE""]","[""HARD_BLOCK:SYNTHETIC_SOURCE"", ""HARD_BLOCK:SIMULATED_CLOCK"", ""HARD_BLOCK:STALE_PRICE""]",[]
P:b6d49823b42844b83263,2025020704,2025020704:PUCK_LINE:AWAY:+1.5,synthbook,2026-01-20T14:00:00Z,DEV_SYNTHETIC,BLOCKED,BLOCKED,INELIGIBLE_DEV,WATCH,"[""HARD_BLOCK:SIMULATED_CLOCK"", ""HARD_BLOCK:STALE_PRICE"", ""HARD_BLOCK:SYNTHETIC_SOURCE""]","[""HARD_BLOCK:SYNTHETIC_SOURCE"", ""HARD_BLOCK:SIMULATED_CLOCK"", ""HARD_BLOCK:STALE_PRICE""]",[]
P:a9547618c67909c613e4,2025020704,2025020704:REG_3WAY:HOME,synthbook,2026-01-20T14:00:00Z,DEV_SYNTHETIC,BLOCKED,BLOCKED,INELIGIBLE_DEV,PASS,"[""HARD_BLOCK:SIMULATED_CLOCK"", ""HARD_BLOCK:STALE_PRICE"", ""HARD_BLOCK:SYNTHETIC_SOURCE""]","[""HARD_BLOCK:SYNTHETIC_SOURCE"", ""HARD_BLOCK:SIMULATED_CLOCK"", ""HARD_BLOCK:STALE_PRICE""]",[]
P:2e24a2a31068cfa47903,2025020704,2025020704:REG_3WAY:DRAW,synthbook,2026-01-20T14:00:00Z,DEV_SYNTHETIC,BLOCKED,BLOCKED,INELIGIBLE_DEV,PASS,"[""HARD_BLOCK:SIMULATED_CLOCK"", ""HARD_BLOCK:STALE_PRICE"", ""HARD_BLOCK:SYNTHETIC_SOURCE""]","[""HARD_BLOCK:SYNTHETIC_SOURCE"", ""HARD_BLOCK:SIMULATED_CLOCK"", ""HARD_BLOCK:STALE_PRICE""]",[]
P:53fee8c3f8f712887359,2025020704,2025020704:REG_3WAY:AWAY,synthbook,2026-01-20T14:00:00Z,DEV_SYNTHETIC,BLOCKED,BLOCKED,INELIGIBLE_DEV,PASS,"[""HARD_BLOCK:SIMULATED_CLOCK"", ""HARD_BLOCK:STALE_PRICE"", ""HARD_BLOCK:SYNTHETIC_SOURCE""]","[""HARD_BLOCK:SYNTHETIC_SOURCE"", ""HARD_BLOCK:SIMULATED_CLOCK"", ""HARD_BLOCK:STALE_PRICE""]",[]
P:a121ef3c9919ed355c4c,2025020704,2025020704:TEAM_TOTAL:SJS:OVER:+2.5,synthbook,2026-01-20T14:00:00Z,DEV_SYNTHETIC,BLOCKED,BLOCKED,INELIGIBLE_DEV,PASS,"[""HARD_BLOCK:SIMULATED_CLOCK"", ""HARD_BLOCK:STALE_PRICE"", ""HARD_BLOCK:SYNTHETIC_SOURCE""]","[""HARD_BLOCK:SYNTHETIC_SOURCE"", ""HARD_BLOCK:SIMULATED_CLOCK"", ""HARD_BLOCK:STALE_PRICE""]",[]
P:1b98aa8a1d145859ddc0,2025020704,2025020704:TEAM_TOTAL:SJS:UNDER:+2.5,synthbook,2026-01-20T14:00:00Z,DEV_SYNTHETIC,BLOCKED,BLOCKED,INELIGIBLE_DEV,PASS,"[""HARD_BLOCK:SIMULATED_CLOCK"", ""HARD_BLOCK:STALE_PRICE"", ""HARD_BLOCK:SYNTHETIC_SOURCE""]","[""HARD_BLOCK:SYNTHETIC_SOURCE"", ""HARD_BLOCK:SIMULATED_CLOCK"", ""HARD_BLOCK:STALE_PRICE""]",[]
P:7da2a7c2f475add8fc51,2025020704,2025020704:TEAM_TOTAL:WPG:OVER:+2.5,synthbook,2026-01-20T14:00:00Z,DEV_SYNTHETIC,BLOCKED,BLOCKED,INELIGIBLE_DEV,PASS,"[""HARD_BLOCK:SIMULATED_CLOCK"", ""HARD_BLOCK:STALE_PRICE"", ""HARD_BLOCK:SYNTHETIC_SOURCE""]","[""HARD_BLOCK:SYNTHETIC_SOURCE"", ""HARD_BLOCK:SIMULATED_CLOCK"", ""HARD_BLOCK:STALE_PRICE""]",[]
P:2ebefe32fff0bc4bf921,2025020704,2025020704:TEAM_TOTAL:WPG:UNDER:+2.5,synthbook,2026-01-20T14:00:00Z,DEV_SYNTHETIC,BLOCKED,BLOCKED,INELIGIBLE_DEV,PASS,"[""HARD_BLOCK:SIMULATED_CLOCK"", ""HARD_BLOCK:STALE_PRICE"", ""HARD_BLOCK:SYNTHETIC_SOURCE""]","[""HARD_BLOCK:SYNTHETIC_SOURCE"", ""HARD_BLOCK:SIMULATED_CLOCK"", ""HARD_BLOCK:STALE_PRICE""]",[]
P:60ddbc5976569e6456ce,2025020704,2025020704:TOTAL:OVER:+6.5,synthbook,2026-01-20T14:00:00Z,DEV_SYNTHETIC,BLOCKED,BLOCKED,INELIGIBLE_DEV,MODEL_PLUS,"[""HARD_BLOCK:SIMULATED_CLOCK"", ""HARD_BLOCK:STALE_PRICE"", ""HARD_BLOCK:SYNTHETIC_SOURCE""]","[""HARD_BLOCK:SYNTHETIC_SOURCE"", ""HARD_BLOCK:SIMULATED_CLOCK"", ""HARD_BLOCK:STALE_PRICE""]",[]
P:e66190c34c556fa0d5eb,2025020704,2025020704:TOTAL:UNDER:+6.5,synthbook,2026-01-20T14:00:00Z,DEV_SYNTHETIC,BLOCKED,BLOCKED,INELIGIBLE_DEV,PASS,"[""HARD_BLOCK:SIMULATED_CLOCK"", ""HARD_BLOCK:STALE_PRICE"", ""HARD_BLOCK:SYNTHETIC_SOURCE""]","[""HARD_BLOCK:SYNTHETIC_SOURCE"", ""HARD_BLOCK:SIMULATED_CLOCK"", ""HARD_BLOCK:STALE_PRICE""]",[]
P:5a53c5d4e436a858ca31,2025020705,2025020705:ML:HOME,synthbook,2026-01-20T14:00:00Z,DEV_SYNTHETIC,BLOCKED,BLOCKED,INELIGIBLE_DEV,MODEL_PLUS,"[""HARD_BLOCK:SIMULATED_CLOCK"", ""HARD_BLOCK:STALE_PRICE"", ""HARD_BLOCK:SYNTHETIC_SOURCE""]","[""HARD_BLOCK:SYNTHETIC_SOURCE"", ""HARD_BLOCK:SIMULATED_CLOCK"", ""HARD_BLOCK:STALE_PRICE""]",[]
P:3bb9181b71eb833c7cdf,2025020705,2025020705:ML:AWAY,synthbook,2026-01-20T14:00:00Z,DEV_SYNTHETIC,BLOCKED,BLOCKED,INELIGIBLE_DEV,PASS,"[""HARD_BLOCK:SIMULATED_CLOCK"", ""HARD_BLOCK:STALE_PRICE"", ""HARD_BLOCK:SYNTHETIC_SOURCE""]","[""HARD_BLOCK:SYNTHETIC_SOURCE"", ""HARD_BLOCK:SIMULATED_CLOCK"", ""HARD_BLOCK:STALE_PRICE""]",[]
P:e8e54289a142315c9094,2025020705,2025020705:PUCK_LINE:HOME:+1.5,synthbook,2026-01-20T14:00:00Z,DEV_SYNTHETIC,BLOCKED,BLOCKED,INELIGIBLE_DEV,PASS,"[""HARD_BLOCK:SIMULATED_CLOCK"", ""HARD_BLOCK:STALE_PRICE"", ""HARD_BLOCK:SYNTHETIC_SOURCE""]","[""HARD_BLOCK:SYNTHETIC_SOURCE"", ""HARD_BLOCK:SIMULATED_CLOCK"", ""HARD_BLOCK:STALE_PRICE""]",[]
P:2992b19b49d41efd3d0f,2025020705,2025020705:PUCK_LINE:AWAY:-1.5,synthbook,2026-01-20T14:00:00Z,DEV_SYNTHETIC,BLOCKED,BLOCKED,INELIGIBLE_DEV,PASS,"[""HARD_BLOCK:SIMULATED_CLOCK"", ""HARD_BLOCK:STALE_PRICE"", ""HARD_BLOCK:SYNTHETIC_SOURCE""]","[""HARD_BLOCK:SYNTHETIC_SOURCE"", ""HARD_BLOCK:SIMULATED_CLOCK"", ""HARD_BLOCK:STALE_PRICE""]",[]
P:3ef7727e858cbe044851,2025020705,2025020705:REG_3WAY:HOME,synthbook,2026-01-20T14:00:00Z,DEV_SYNTHETIC,BLOCKED,BLOCKED,INELIGIBLE_DEV,MODEL_PLUS,"[""HARD_BLOCK:SIMULATED_CLOCK"", ""HARD_BLOCK:STALE_PRICE"", ""HARD_BLOCK:SYNTHETIC_SOURCE""]","[""HARD_BLOCK:SYNTHETIC_SOURCE"", ""HARD_BLOCK:SIMULATED_CLOCK"", ""HARD_BLOCK:STALE_PRICE""]",[]
P:4123fdc9ac0a34595946,2025020705,2025020705:REG_3WAY:DRAW,synthbook,2026-01-20T14:00:00Z,DEV_SYNTHETIC,BLOCKED,BLOCKED,INELIGIBLE_DEV,PASS,"[""HARD_BLOCK:SIMULATED_CLOCK"", ""HARD_BLOCK:STALE_PRICE"", ""HARD_BLOCK:SYNTHETIC_SOURCE""]","[""HARD_BLOCK:SYNTHETIC_SOURCE"", ""HARD_BLOCK:SIMULATED_CLOCK"", ""HARD_BLOCK:STALE_PRICE""]",[]
P:2996169ddbb7e7fcbed3,2025020705,2025020705:REG_3WAY:AWAY,synthbook,2026-01-20T14:00:00Z,DEV_SYNTHETIC,BLOCKED,BLOCKED,INELIGIBLE_DEV,PASS,"[""HARD_BLOCK:SIMULATED_CLOCK"", ""HARD_BLOCK:STALE_PRICE"", ""HARD_BLOCK:SYNTHETIC_SOURCE""]","[""HARD_BLOCK:SYNTHETIC_SOURCE"", ""HARD_BLOCK:SIMULATED_CLOCK"", ""HARD_BLOCK:STALE_PRICE""]",[]
P:f0929f0a8fc04725a726,2025020705,2025020705:TEAM_TOTAL:BUF:OVER:+2.5,synthbook,2026-01-20T14:00:00Z,DEV_SYNTHETIC,BLOCKED,BLOCKED,INELIGIBLE_DEV,WATCH,"[""HARD_BLOCK:SIMULATED_CLOCK"", ""HARD_BLOCK:STALE_PRICE"", ""HARD_BLOCK:SYNTHETIC_SOURCE""]","[""HARD_BLOCK:SYNTHETIC_SOURCE"", ""HARD_BLOCK:SIMULATED_CLOCK"", ""HARD_BLOCK:STALE_PRICE""]",[]
P:58b3ec2d2aa488b21b8c,2025020705,2025020705:TEAM_TOTAL:BUF:UNDER:+2.5,synthbook,2026-01-20T14:00:00Z,DEV_SYNTHETIC,BLOCKED,BLOCKED,INELIGIBLE_DEV,PASS,"[""HARD_BLOCK:SIMULATED_CLOCK"", ""HARD_BLOCK:STALE_PRICE"", ""HARD_BLOCK:SYNTHETIC_SOURCE""]","[""HARD_BLOCK:SYNTHETIC_SOURCE"", ""HARD_BLOCK:SIMULATED_CLOCK"", ""HARD_BLOCK:STALE_PRICE""]",[]
P:1b0e338a2c5806a6db09,2025020705,2025020705:TEAM_TOTAL:NSH:OVER:+2.5,synthbook,2026-01-20T14:00:00Z,DEV_SYNTHETIC,BLOCKED,BLOCKED,INELIGIBLE_DEV,WATCH,"[""HARD_BLOCK:SIMULATED_CLOCK"", ""HARD_BLOCK:STALE_PRICE"", ""HARD_BLOCK:SYNTHETIC_SOURCE""]","[""HARD_BLOCK:SYNTHETIC_SOURCE"", ""HARD_BLOCK:SIMULATED_CLOCK"", ""HARD_BLOCK:STALE_PRICE""]",[]
P:71c22f64c91b1d876a25,2025020705,2025020705:TEAM_TOTAL:NSH:UNDER:+2.5,synthbook,2026-01-20T14:00:00Z,DEV_SYNTHETIC,BLOCKED,BLOCKED,INELIGIBLE_DEV,PASS,"[""HARD_BLOCK:SIMULATED_CLOCK"", ""HARD_BLOCK:STALE_PRICE"", ""HARD_BLOCK:SYNTHETIC_SOURCE""]","[""HARD_BLOCK:SYNTHETIC_SOURCE"", ""HARD_BLOCK:SIMULATED_CLOCK"", ""HARD_BLOCK:STALE_PRICE""]",[]
P:ceea80ef278b769f6c4f,2025020705,2025020705:TOTAL:OVER:+6.5,synthbook,2026-01-20T14:00:00Z,DEV_SYNTHETIC,BLOCKED,BLOCKED,INELIGIBLE_DEV,WATCH,"[""HARD_BLOCK:SIMULATED_CLOCK"", ""HARD_BLOCK:STALE_PRICE"", ""HARD_BLOCK:SYNTHETIC_SOURCE""]","[""HARD_BLOCK:SYNTHETIC_SOURCE"", ""HARD_BLOCK:SIMULATED_CLOCK"", ""HARD_BLOCK:STALE_PRICE""]",[]
P:46814fa39aa0cba89907,2025020705,2025020705:TOTAL:UNDER:+6.5,synthbook,2026-01-20T14:00:00Z,DEV_SYNTHETIC,BLOCKED,BLOCKED,INELIGIBLE_DEV,PASS,"[""HARD_BLOCK:SIMULATED_CLOCK"", ""HARD_BLOCK:STALE_PRICE"", ""HARD_BLOCK:SYNTHETIC_SOURCE""]","[""HARD_BLOCK:SYNTHETIC_SOURCE"", ""HARD_BLOCK:SIMULATED_CLOCK"", ""HARD_BLOCK:STALE_PRICE""]",[]
P:4dc754fdf44d6a7a5060,2025020706,2025020706:ML:HOME,synthbook,2026-01-20T14:00:00Z,DEV_SYNTHETIC,BLOCKED,BLOCKED,INELIGIBLE_DEV,PASS,"[""HARD_BLOCK:SIMULATED_CLOCK"", ""HARD_BLOCK:STALE_PRICE"", ""HARD_BLOCK:SYNTHETIC_SOURCE""]","[""HARD_BLOCK:SYNTHETIC_SOURCE"", ""HARD_BLOCK:SIMULATED_CLOCK"", ""HARD_BLOCK:STALE_PRICE""]",[]
P:6d62079acfefe0ee53fd,2025020706,2025020706:ML:AWAY,synthbook,2026-01-20T14:00:00Z,DEV_SYNTHETIC,BLOCKED,BLOCKED,INELIGIBLE_DEV,PASS,"[""HARD_BLOCK:SIMULATED_CLOCK"", ""HARD_BLOCK:STALE_PRICE"", ""HARD_BLOCK:SYNTHETIC_SOURCE""]","[""HARD_BLOCK:SYNTHETIC_SOURCE"", ""HARD_BLOCK:SIMULATED_CLOCK"", ""HARD_BLOCK:STALE_PRICE""]",[]
P:deaa9d632f25c4af2a32,2025020706,2025020706:PUCK_LINE:HOME:-1.5,synthbook,2026-01-20T14:00:00Z,DEV_SYNTHETIC,BLOCKED,BLOCKED,INELIGIBLE_DEV,MODEL_PLUS,"[""HARD_BLOCK:SIMULATED_CLOCK"", ""HARD_BLOCK:STALE_PRICE"", ""HARD_BLOCK:SYNTHETIC_SOURCE""]","[""HARD_BLOCK:SYNTHETIC_SOURCE"", ""HARD_BLOCK:SIMULATED_CLOCK"", ""HARD_BLOCK:STALE_PRICE""]",[]
P:b1d9ee54cd59935f664a,2025020706,2025020706:PUCK_LINE:AWAY:+1.5,synthbook,2026-01-20T14:00:00Z,DEV_SYNTHETIC,BLOCKED,BLOCKED,INELIGIBLE_DEV,PASS,"[""HARD_BLOCK:SIMULATED_CLOCK"", ""HARD_BLOCK:STALE_PRICE"", ""HARD_BLOCK:SYNTHETIC_SOURCE""]","[""HARD_BLOCK:SYNTHETIC_SOURCE"", ""HARD_BLOCK:SIMULATED_CLOCK"", ""HARD_BLOCK:STALE_PRICE""]",[]
P:f7b0554cfdb3c527b850,2025020706,2025020706:REG_3WAY:HOME,synthbook,2026-01-20T14:00:00Z,DEV_SYNTHETIC,BLOCKED,BLOCKED,INELIGIBLE_DEV,MODEL_PLUS,"[""HARD_BLOCK:SIMULATED_CLOCK"", ""HARD_BLOCK:STALE_PRICE"", ""HARD_BLOCK:SYNTHETIC_SOURCE""]","[""HARD_BLOCK:SYNTHETIC_SOURCE"", ""HARD_BLOCK:SIMULATED_CLOCK"", ""HARD_BLOCK:STALE_PRICE""]",[]
P:25b89d5879fa61acd83f,2025020706,2025020706:REG_3WAY:DRAW,synthbook,2026-01-20T14:00:00Z,DEV_SYNTHETIC,BLOCKED,BLOCKED,INELIGIBLE_DEV,WATCH,"[""HARD_BLOCK:SIMULATED_CLOCK"", ""HARD_BLOCK:STALE_PRICE"", ""HARD_BLOCK:SYNTHETIC_SOURCE""]","[""HARD_BLOCK:SYNTHETIC_SOURCE"", ""HARD_BLOCK:SIMULATED_CLOCK"", ""HARD_BLOCK:STALE_PRICE""]",[]
P:8759b7d2c1d43e65e999,2025020706,2025020706:REG_3WAY:AWAY,synthbook,2026-01-20T14:00:00Z,DEV_SYNTHETIC,BLOCKED,BLOCKED,INELIGIBLE_DEV,PASS,"[""HARD_BLOCK:SIMULATED_CLOCK"", ""HARD_BLOCK:STALE_PRICE"", ""HARD_BLOCK:SYNTHETIC_SOURCE""]","[""HARD_BLOCK:SYNTHETIC_SOURCE"", ""HARD_BLOCK:SIMULATED_CLOCK"", ""HARD_BLOCK:STALE_PRICE""]",[]
P:6beef77c910c9283adb8,2025020706,2025020706:TEAM_TOTAL:DET:OVER:+2.5,synthbook,2026-01-20T14:00:00Z,DEV_SYNTHETIC,BLOCKED,BLOCKED,INELIGIBLE_DEV,WATCH,"[""HARD_BLOCK:SIMULATED_CLOCK"", ""HARD_BLOCK:STALE_PRICE"", ""HARD_BLOCK:SYNTHETIC_SOURCE""]","[""HARD_BLOCK:SYNTHETIC_SOURCE"", ""HARD_BLOCK:SIMULATED_CLOCK"", ""HARD_BLOCK:STALE_PRICE""]",[]
P:86e25df62b680afb141d,2025020706,2025020706:TEAM_TOTAL:DET:UNDER:+2.5,synthbook,2026-01-20T14:00:00Z,DEV_SYNTHETIC,BLOCKED,BLOCKED,INELIGIBLE_DEV,PASS,"[""HARD_BLOCK:SIMULATED_CLOCK"", ""HARD_BLOCK:STALE_PRICE"", ""HARD_BLOCK:SYNTHETIC_SOURCE""]","[""HARD_BLOCK:SYNTHETIC_SOURCE"", ""HARD_BLOCK:SIMULATED_CLOCK"", ""HARD_BLOCK:STALE_PRICE""]",[]
P:c52a3ebc9db2c13e0bb4,2025020706,2025020706:TEAM_TOTAL:WSH:OVER:+2.5,synthbook,2026-01-20T14:00:00Z,DEV_SYNTHETIC,BLOCKED,BLOCKED,INELIGIBLE_DEV,PASS,"[""HARD_BLOCK:SIMULATED_CLOCK"", ""HARD_BLOCK:STALE_PRICE"", ""HARD_BLOCK:SYNTHETIC_SOURCE""]","[""HARD_BLOCK:SYNTHETIC_SOURCE"", ""HARD_BLOCK:SIMULATED_CLOCK"", ""HARD_BLOCK:STALE_PRICE""]",[]
P:f23e2ebc8ccb96c15899,2025020706,2025020706:TEAM_TOTAL:WSH:UNDER:+2.5,synthbook,2026-01-20T14:00:00Z,DEV_SYNTHETIC,BLOCKED,BLOCKED,INELIGIBLE_DEV,PASS,"[""HARD_BLOCK:SIMULATED_CLOCK"", ""HARD_BLOCK:STALE_PRICE"", ""HARD_BLOCK:SYNTHETIC_SOURCE""]","[""HARD_BLOCK:SYNTHETIC_SOURCE"", ""HARD_BLOCK:SIMULATED_CLOCK"", ""HARD_BLOCK:STALE_PRICE""]",[]
P:ab86b41c8c2e58549d96,2025020706,2025020706:TOTAL:OVER:+6.5,synthbook,2026-01-20T14:00:00Z,DEV_SYNTHETIC,BLOCKED,BLOCKED,INELIGIBLE_DEV,PASS,"[""HARD_BLOCK:SIMULATED_CLOCK"", ""HARD_BLOCK:STALE_PRICE"", ""HARD_BLOCK:SYNTHETIC_SOURCE""]","[""HARD_BLOCK:SYNTHETIC_SOURCE"", ""HARD_BLOCK:SIMULATED_CLOCK"", ""HARD_BLOCK:STALE_PRICE""]",[]
P:55562820c3b984d63942,2025020706,2025020706:TOTAL:UNDER:+6.5,synthbook,2026-01-20T14:00:00Z,DEV_SYNTHETIC,BLOCKED,BLOCKED,INELIGIBLE_DEV,PASS,"[""HARD_BLOCK:SIMULATED_CLOCK"", ""HARD_BLOCK:STALE_PRICE"", ""HARD_BLOCK:SYNTHETIC_SOURCE""]","[""HARD_BLOCK:SYNTHETIC_SOURCE"", ""HARD_BLOCK:SIMULATED_CLOCK"", ""HARD_BLOCK:STALE_PRICE""]",[]
P:c24e067d4204aa9c8117,2025020702,2025020702:ML:HOME,synthbook,2026-01-20T20:30:00Z,DEV_SYNTHETIC,BLOCKED,BLOCKED,INELIGIBLE_DEV,PASS,"[""HARD_BLOCK:SIMULATED_CLOCK"", ""HARD_BLOCK:STALE_PRICE"", ""HARD_BLOCK:SYNTHETIC_SOURCE""]","[""HARD_BLOCK:SYNTHETIC_SOURCE"", ""HARD_BLOCK:SIMULATED_CLOCK"", ""HARD_BLOCK:STALE_PRICE""]",[]
P:5eb01ec3a0453f636a8a,2025020702,2025020702:ML:AWAY,synthbook,2026-01-20T20:30:00Z,DEV_SYNTHETIC,BLOCKED,BLOCKED,INELIGIBLE_DEV,PASS,"[""HARD_BLOCK:SIMULATED_CLOCK"", ""HARD_BLOCK:STALE_PRICE"", ""HARD_BLOCK:SYNTHETIC_SOURCE""]","[""HARD_BLOCK:SYNTHETIC_SOURCE"", ""HARD_BLOCK:SIMULATED_CLOCK"", ""HARD_BLOCK:STALE_PRICE""]",[]
P:f7fe1071deb632afe2a4,2025020702,2025020702:PUCK_LINE:HOME:-1.5,synthbook,2026-01-20T20:30:00Z,DEV_SYNTHETIC,BLOCKED,BLOCKED,INELIGIBLE_DEV,PASS,"[""HARD_BLOCK:SIMULATED_CLOCK"", ""HARD_BLOCK:STALE_PRICE"", ""HARD_BLOCK:SYNTHETIC_SOURCE""]","[""HARD_BLOCK:SYNTHETIC_SOURCE"", ""HARD_BLOCK:SIMULATED_CLOCK"", ""HARD_BLOCK:STALE_PRICE""]",[]
P:fb33148503ec1e549192,2025020702,2025020702:PUCK_LINE:AWAY:+1.5,synthbook,2026-01-20T20:30:00Z,DEV_SYNTHETIC,BLOCKED,BLOCKED,INELIGIBLE_DEV,PASS,"[""HARD_BLOCK:SIMULATED_CLOCK"", ""HARD_BLOCK:STALE_PRICE"", ""HARD_BLOCK:SYNTHETIC_SOURCE""]","[""HARD_BLOCK:SYNTHETIC_SOURCE"", ""HARD_BLOCK:SIMULATED_CLOCK"", ""HARD_BLOCK:STALE_PRICE""]",[]
P:4ffe25cd908fd9397cb6,2025020702,2025020702:REG_3WAY:HOME,synthbook,2026-01-20T20:30:00Z,DEV_SYNTHETIC,BLOCKED,BLOCKED,INELIGIBLE_DEV,PASS,"[""HARD_BLOCK:SIMULATED_CLOCK"", ""HARD_BLOCK:STALE_PRICE"", ""HARD_BLOCK:SYNTHETIC_SOURCE""]","[""HARD_BLOCK:SYNTHETIC_SOURCE"", ""HARD_BLOCK:SIMULATED_CLOCK"", ""HARD_BLOCK:STALE_PRICE""]",[]
P:8f177f79b1148c9d33c8,2025020702,2025020702:REG_3WAY:DRAW,synthbook,2026-01-20T20:30:00Z,DEV_SYNTHETIC,BLOCKED,BLOCKED,INELIGIBLE_DEV,PASS,"[""HARD_BLOCK:SIMULATED_CLOCK"", ""HARD_BLOCK:STALE_PRICE"", ""HARD_BLOCK:SYNTHETIC_SOURCE""]","[""HARD_BLOCK:SYNTHETIC_SOURCE"", ""HARD_BLOCK:SIMULATED_CLOCK"", ""HARD_BLOCK:STALE_PRICE""]",[]
P:1272905c5e29443dc254,2025020702,2025020702:REG_3WAY:AWAY,synthbook,2026-01-20T20:30:00Z,DEV_SYNTHETIC,BLOCKED,BLOCKED,INELIGIBLE_DEV,PASS,"[""HARD_BLOCK:SIMULATED_CLOCK"", ""HARD_BLOCK:STALE_PRICE"", ""HARD_BLOCK:SYNTHETIC_SOURCE""]","[""HARD_BLOCK:SYNTHETIC_SOURCE"", ""HARD_BLOCK:SIMULATED_CLOCK"", ""HARD_BLOCK:STALE_PRICE""]",[]
P:0d4c86f1e3cc304b25f7,2025020702,2025020702:TEAM_TOTAL:COL:OVER:+2.5,synthbook,2026-01-20T20:30:00Z,DEV_SYNTHETIC,BLOCKED,BLOCKED,INELIGIBLE_DEV,PASS,"[""HARD_BLOCK:SIMULATED_CLOCK"", ""HARD_BLOCK:STALE_PRICE"", ""HARD_BLOCK:SYNTHETIC_SOURCE""]","[""HARD_BLOCK:SYNTHETIC_SOURCE"", ""HARD_BLOCK:SIMULATED_CLOCK"", ""HARD_BLOCK:STALE_PRICE""]",[]
P:4e1fc20fc99eef236f59,2025020702,2025020702:TEAM_TOTAL:COL:UNDER:+2.5,synthbook,2026-01-20T20:30:00Z,DEV_SYNTHETIC,BLOCKED,BLOCKED,INELIGIBLE_DEV,WATCH,"[""HARD_BLOCK:SIMULATED_CLOCK"", ""HARD_BLOCK:STALE_PRICE"", ""HARD_BLOCK:SYNTHETIC_SOURCE""]","[""HARD_BLOCK:SYNTHETIC_SOURCE"", ""HARD_BLOCK:SIMULATED_CLOCK"", ""HARD_BLOCK:STALE_PRICE""]",[]
P:69e01e59ab482081ea89,2025020702,2025020702:TEAM_TOTAL:OTT:OVER:+2.5,synthbook,2026-01-20T20:30:00Z,DEV_SYNTHETIC,BLOCKED,BLOCKED,INELIGIBLE_DEV,PASS,"[""HARD_BLOCK:SIMULATED_CLOCK"", ""HARD_BLOCK:STALE_PRICE"", ""HARD_BLOCK:SYNTHETIC_SOURCE""]","[""HARD_BLOCK:SYNTHETIC_SOURCE"", ""HARD_BLOCK:SIMULATED_CLOCK"", ""HARD_BLOCK:STALE_PRICE""]",[]
P:716863a3efa72726947c,2025020702,2025020702:TEAM_TOTAL:OTT:UNDER:+2.5,synthbook,2026-01-20T20:30:00Z,DEV_SYNTHETIC,BLOCKED,BLOCKED,INELIGIBLE_DEV,PASS,"[""HARD_BLOCK:SIMULATED_CLOCK"", ""HARD_BLOCK:STALE_PRICE"", ""HARD_BLOCK:SYNTHETIC_SOURCE""]","[""HARD_BLOCK:SYNTHETIC_SOURCE"", ""HARD_BLOCK:SIMULATED_CLOCK"", ""HARD_BLOCK:STALE_PRICE""]",[]
P:abe6a032cb5744fdb197,2025020702,2025020702:TOTAL:OVER:+6.5,synthbook,2026-01-20T20:30:00Z,DEV_SYNTHETIC,BLOCKED,BLOCKED,INELIGIBLE_DEV,MODEL_PLUS,"[""HARD_BLOCK:SIMULATED_CLOCK"", ""HARD_BLOCK:STALE_PRICE"", ""HARD_BLOCK:SYNTHETIC_SOURCE""]","[""HARD_BLOCK:SYNTHETIC_SOURCE"", ""HARD_BLOCK:SIMULATED_CLOCK"", ""HARD_BLOCK:STALE_PRICE""]",[]
P:044a325849b6ba28d548,2025020702,2025020702:TOTAL:UNDER:+6.5,synthbook,2026-01-20T20:30:00Z,DEV_SYNTHETIC,BLOCKED,BLOCKED,INELIGIBLE_DEV,PASS,"[""HARD_BLOCK:SIMULATED_CLOCK"", ""HARD_BLOCK:STALE_PRICE"", ""HARD_BLOCK:SYNTHETIC_SOURCE""]","[""HARD_BLOCK:SYNTHETIC_SOURCE"", ""HARD_BLOCK:SIMULATED_CLOCK"", ""HARD_BLOCK:STALE_PRICE""]",[]
P:1b9784fedb1333d845f3,2025020703,2025020703:ML:HOME,synthbook,2026-01-20T20:30:00Z,DEV_SYNTHETIC,BLOCKED,BLOCKED,INELIGIBLE_DEV,MODEL_PLUS,"[""HARD_BLOCK:SIMULATED_CLOCK"", ""HARD_BLOCK:STALE_PRICE"", ""HARD_BLOCK:SYNTHETIC_SOURCE""]","[""HARD_BLOCK:SYNTHETIC_SOURCE"", ""HARD_BLOCK:SIMULATED_CLOCK"", ""HARD_BLOCK:STALE_PRICE""]",[]
P:44f2bfcfa9d460e0fbf3,2025020703,2025020703:ML:AWAY,synthbook,2026-01-20T20:30:00Z,DEV_SYNTHETIC,BLOCKED,BLOCKED,INELIGIBLE_DEV,PASS,"[""HARD_BLOCK:SIMULATED_CLOCK"", ""HARD_BLOCK:STALE_PRICE"", ""HARD_BLOCK:SYNTHETIC_SOURCE""]","[""HARD_BLOCK:SYNTHETIC_SOURCE"", ""HARD_BLOCK:SIMULATED_CLOCK"", ""HARD_BLOCK:STALE_PRICE""]",[]
P:33804d18a4161753c67f,2025020703,2025020703:PUCK_LINE:HOME:-1.5,synthbook,2026-01-20T20:30:00Z,DEV_SYNTHETIC,BLOCKED,BLOCKED,INELIGIBLE_DEV,MODEL_PLUS,"[""HARD_BLOCK:SIMULATED_CLOCK"", ""HARD_BLOCK:STALE_PRICE"", ""HARD_BLOCK:SYNTHETIC_SOURCE""]","[""HARD_BLOCK:SYNTHETIC_SOURCE"", ""HARD_BLOCK:SIMULATED_CLOCK"", ""HARD_BLOCK:STALE_PRICE""]",[]
P:1343d5b7bc34d757c550,2025020703,2025020703:PUCK_LINE:AWAY:+1.5,synthbook,2026-01-20T20:30:00Z,DEV_SYNTHETIC,BLOCKED,BLOCKED,INELIGIBLE_DEV,PASS,"[""HARD_BLOCK:SIMULATED_CLOCK"", ""HARD_BLOCK:STALE_PRICE"", ""HARD_BLOCK:SYNTHETIC_SOURCE""]","[""HARD_BLOCK:SYNTHETIC_SOURCE"", ""HARD_BLOCK:SIMULATED_CLOCK"", ""HARD_BLOCK:STALE_PRICE""]",[]
P:a4908ca00e944548241f,2025020703,2025020703:REG_3WAY:HOME,synthbook,2026-01-20T20:30:00Z,DEV_SYNTHETIC,BLOCKED,BLOCKED,INELIGIBLE_DEV,PASS,"[""HARD_BLOCK:SIMULATED_CLOCK"", ""HARD_BLOCK:STALE_PRICE"", ""HARD_BLOCK:SYNTHETIC_SOURCE""]","[""HARD_BLOCK:SYNTHETIC_SOURCE"", ""HARD_BLOCK:SIMULATED_CLOCK"", ""HARD_BLOCK:STALE_PRICE""]",[]
P:f5916bf59198c1c6a4ff,2025020703,2025020703:REG_3WAY:DRAW,synthbook,2026-01-20T20:30:00Z,DEV_SYNTHETIC,BLOCKED,BLOCKED,INELIGIBLE_DEV,PASS,"[""HARD_BLOCK:SIMULATED_CLOCK"", ""HARD_BLOCK:STALE_PRICE"", ""HARD_BLOCK:SYNTHETIC_SOURCE""]","[""HARD_BLOCK:SYNTHETIC_SOURCE"", ""HARD_BLOCK:SIMULATED_CLOCK"", ""HARD_BLOCK:STALE_PRICE""]",[]
P:bb84d9f73604d3934bea,2025020703,2025020703:REG_3WAY:AWAY,synthbook,2026-01-20T20:30:00Z,DEV_SYNTHETIC,BLOCKED,BLOCKED,INELIGIBLE_DEV,PASS,"[""HARD_BLOCK:SIMULATED_CLOCK"", ""HARD_BLOCK:STALE_PRICE"", ""HARD_BLOCK:SYNTHETIC_SOURCE""]","[""HARD_BLOCK:SYNTHETIC_SOURCE"", ""HARD_BLOCK:SIMULATED_CLOCK"", ""HARD_BLOCK:STALE_PRICE""]",[]
P:f4c9f5f23f59be298a61,2025020703,2025020703:TEAM_TOTAL:CGY:OVER:+2.5,synthbook,2026-01-20T20:30:00Z,DEV_SYNTHETIC,BLOCKED,BLOCKED,INELIGIBLE_DEV,PASS,"[""HARD_BLOCK:SIMULATED_CLOCK"", ""HARD_BLOCK:STALE_PRICE"", ""HARD_BLOCK:SYNTHETIC_SOURCE""]","[""HARD_BLOCK:SYNTHETIC_SOURCE"", ""HARD_BLOCK:SIMULATED_CLOCK"", ""HARD_BLOCK:STALE_PRICE""]",[]
P:25f1dab5651f1f1e1ea0,2025020703,2025020703:TEAM_TOTAL:CGY:UNDER:+2.5,synthbook,2026-01-20T20:30:00Z,DEV_SYNTHETIC,BLOCKED,BLOCKED,INELIGIBLE_DEV,MODEL_PLUS,"[""HARD_BLOCK:SIMULATED_CLOCK"", ""HARD_BLOCK:STALE_PRICE"", ""HARD_BLOCK:SYNTHETIC_SOURCE""]","[""HARD_BLOCK:SYNTHETIC_SOURCE"", ""HARD_BLOCK:SIMULATED_CLOCK"", ""HARD_BLOCK:STALE_PRICE""]",[]
P:f34aef3d82612428560a,2025020703,2025020703:TEAM_TOTAL:EDM:OVER:+2.5,synthbook,2026-01-20T20:30:00Z,DEV_SYNTHETIC,BLOCKED,BLOCKED,INELIGIBLE_DEV,PASS,"[""HARD_BLOCK:SIMULATED_CLOCK"", ""HARD_BLOCK:STALE_PRICE"", ""HARD_BLOCK:SYNTHETIC_SOURCE""]","[""HARD_BLOCK:SYNTHETIC_SOURCE"", ""HARD_BLOCK:SIMULATED_CLOCK"", ""HARD_BLOCK:STALE_PRICE""]",[]
P:8cb9ca9966185df34c75,2025020703,2025020703:TEAM_TOTAL:EDM:UNDER:+2.5,synthbook,2026-01-20T20:30:00Z,DEV_SYNTHETIC,BLOCKED,BLOCKED,INELIGIBLE_DEV,PASS,"[""HARD_BLOCK:SIMULATED_CLOCK"", ""HARD_BLOCK:STALE_PRICE"", ""HARD_BLOCK:SYNTHETIC_SOURCE""]","[""HARD_BLOCK:SYNTHETIC_SOURCE"", ""HARD_BLOCK:SIMULATED_CLOCK"", ""HARD_BLOCK:STALE_PRICE""]",[]
P:7fe3ca7fbe98712188db,2025020703,2025020703:TOTAL:OVER:+6.5,synthbook,2026-01-20T20:30:00Z,DEV_SYNTHETIC,BLOCKED,BLOCKED,INELIGIBLE_DEV,MODEL_PLUS,"[""HARD_BLOCK:SIMULATED_CLOCK"", ""HARD_BLOCK:STALE_PRICE"", ""HARD_BLOCK:SYNTHETIC_SOURCE""]","[""HARD_BLOCK:SYNTHETIC_SOURCE"", ""HARD_BLOCK:SIMULATED_CLOCK"", ""HARD_BLOCK:STALE_PRICE""]",[]
P:ef26b51dce02a9d0d882,2025020703,2025020703:TOTAL:UNDER:+6.5,synthbook,2026-01-20T20:30:00Z,DEV_SYNTHETIC,BLOCKED,BLOCKED,INELIGIBLE_DEV,PASS,"[""HARD_BLOCK:SIMULATED_CLOCK"", ""HARD_BLOCK:STALE_PRICE"", ""HARD_BLOCK:SYNTHETIC_SOURCE""]","[""HARD_BLOCK:SYNTHETIC_SOURCE"", ""HARD_BLOCK:SIMULATED_CLOCK"", ""HARD_BLOCK:STALE_PRICE""]",[]
P:36c4131d8262d0665b79,2025020704,2025020704:ML:HOME,synthbook,2026-01-20T20:30:00Z,DEV_SYNTHETIC,BLOCKED,BLOCKED,INELIGIBLE_DEV,MODEL_PLUS,"[""HARD_BLOCK:SIMULATED_CLOCK"", ""HARD_BLOCK:STALE_PRICE"", ""HARD_BLOCK:SYNTHETIC_SOURCE""]","[""HARD_BLOCK:SYNTHETIC_SOURCE"", ""HARD_BLOCK:SIMULATED_CLOCK"", ""HARD_BLOCK:STALE_PRICE""]",[]
P:8108127ba6754d7bfb2b,2025020704,2025020704:ML:AWAY,synthbook,2026-01-20T20:30:00Z,DEV_SYNTHETIC,BLOCKED,BLOCKED,INELIGIBLE_DEV,PASS,"[""HARD_BLOCK:SIMULATED_CLOCK"", ""HARD_BLOCK:STALE_PRICE"", ""HARD_BLOCK:SYNTHETIC_SOURCE""]","[""HARD_BLOCK:SYNTHETIC_SOURCE"", ""HARD_BLOCK:SIMULATED_CLOCK"", ""HARD_BLOCK:STALE_PRICE""]",[]
P:15844fddf743a9e9bcea,2025020704,2025020704:PUCK_LINE:HOME:-1.5,synthbook,2026-01-20T20:30:00Z,DEV_SYNTHETIC,BLOCKED,BLOCKED,INELIGIBLE_DEV,PASS,"[""HARD_BLOCK:SIMULATED_CLOCK"", ""HARD_BLOCK:STALE_PRICE"", ""HARD_BLOCK:SYNTHETIC_SOURCE""]","[""HARD_BLOCK:SYNTHETIC_SOURCE"", ""HARD_BLOCK:SIMULATED_CLOCK"", ""HARD_BLOCK:STALE_PRICE""]",[]
P:15ccd874d0b35cfe312f,2025020704,2025020704:PUCK_LINE:AWAY:+1.5,synthbook,2026-01-20T20:30:00Z,DEV_SYNTHETIC,BLOCKED,BLOCKED,INELIGIBLE_DEV,WATCH,"[""HARD_BLOCK:SIMULATED_CLOCK"", ""HARD_BLOCK:STALE_PRICE"", ""HARD_BLOCK:SYNTHETIC_SOURCE""]","[""HARD_BLOCK:SYNTHETIC_SOURCE"", ""HARD_BLOCK:SIMULATED_CLOCK"", ""HARD_BLOCK:STALE_PRICE""]",[]
P:802df23b9d4db5c33b22,2025020704,2025020704:REG_3WAY:HOME,synthbook,2026-01-20T20:30:00Z,DEV_SYNTHETIC,BLOCKED,BLOCKED,INELIGIBLE_DEV,PASS,"[""HARD_BLOCK:SIMULATED_CLOCK"", ""HARD_BLOCK:STALE_PRICE"", ""HARD_BLOCK:SYNTHETIC_SOURCE""]","[""HARD_BLOCK:SYNTHETIC_SOURCE"", ""HARD_BLOCK:SIMULATED_CLOCK"", ""HARD_BLOCK:STALE_PRICE""]",[]
P:a18b1bc7e5580302150c,2025020704,2025020704:REG_3WAY:DRAW,synthbook,2026-01-20T20:30:00Z,DEV_SYNTHETIC,BLOCKED,BLOCKED,INELIGIBLE_DEV,PASS,"[""HARD_BLOCK:SIMULATED_CLOCK"", ""HARD_BLOCK:STALE_PRICE"", ""HARD_BLOCK:SYNTHETIC_SOURCE""]","[""HARD_BLOCK:SYNTHETIC_SOURCE"", ""HARD_BLOCK:SIMULATED_CLOCK"", ""HARD_BLOCK:STALE_PRICE""]",[]
P:a306722fe16afdbfac41,2025020704,2025020704:REG_3WAY:AWAY,synthbook,2026-01-20T20:30:00Z,DEV_SYNTHETIC,BLOCKED,BLOCKED,INELIGIBLE_DEV,MODEL_PLUS,"[""HARD_BLOCK:SIMULATED_CLOCK"", ""HARD_BLOCK:STALE_PRICE"", ""HARD_BLOCK:SYNTHETIC_SOURCE""]","[""HARD_BLOCK:SYNTHETIC_SOURCE"", ""HARD_BLOCK:SIMULATED_CLOCK"", ""HARD_BLOCK:STALE_PRICE""]",[]
P:607fadf65104bb48da64,2025020704,2025020704:TEAM_TOTAL:SJS:OVER:+2.5,synthbook,2026-01-20T20:30:00Z,DEV_SYNTHETIC,BLOCKED,BLOCKED,INELIGIBLE_DEV,PASS,"[""HARD_BLOCK:SIMULATED_CLOCK"", ""HARD_BLOCK:STALE_PRICE"", ""HARD_BLOCK:SYNTHETIC_SOURCE""]","[""HARD_BLOCK:SYNTHETIC_SOURCE"", ""HARD_BLOCK:SIMULATED_CLOCK"", ""HARD_BLOCK:STALE_PRICE""]",[]
P:58616ea3c8331a12d4d8,2025020704,2025020704:TEAM_TOTAL:SJS:UNDER:+2.5,synthbook,2026-01-20T20:30:00Z,DEV_SYNTHETIC,BLOCKED,BLOCKED,INELIGIBLE_DEV,PASS,"[""HARD_BLOCK:SIMULATED_CLOCK"", ""HARD_BLOCK:STALE_PRICE"", ""HARD_BLOCK:SYNTHETIC_SOURCE""]","[""HARD_BLOCK:SYNTHETIC_SOURCE"", ""HARD_BLOCK:SIMULATED_CLOCK"", ""HARD_BLOCK:STALE_PRICE""]",[]
P:79cba72d0ca35c654145,2025020704,2025020704:TEAM_TOTAL:WPG:OVER:+2.5,synthbook,2026-01-20T20:30:00Z,DEV_SYNTHETIC,BLOCKED,BLOCKED,INELIGIBLE_DEV,PASS,"[""HARD_BLOCK:SIMULATED_CLOCK"", ""HARD_BLOCK:STALE_PRICE"", ""HARD_BLOCK:SYNTHETIC_SOURCE""]","[""HARD_BLOCK:SYNTHETIC_SOURCE"", ""HARD_BLOCK:SIMULATED_CLOCK"", ""HARD_BLOCK:STALE_PRICE""]",[]
P:2542d2fc96d1d2b77273,2025020704,2025020704:TEAM_TOTAL:WPG:UNDER:+2.5,synthbook,2026-01-20T20:30:00Z,DEV_SYNTHETIC,BLOCKED,BLOCKED,INELIGIBLE_DEV,PASS,"[""HARD_BLOCK:SIMULATED_CLOCK"", ""HARD_BLOCK:STALE_PRICE"", ""HARD_BLOCK:SYNTHETIC_SOURCE""]","[""HARD_BLOCK:SYNTHETIC_SOURCE"", ""HARD_BLOCK:SIMULATED_CLOCK"", ""HARD_BLOCK:STALE_PRICE""]",[]
P:0c408f9d59c56e0f0ead,2025020704,2025020704:TOTAL:OVER:+6.5,synthbook,2026-01-20T20:30:00Z,DEV_SYNTHETIC,BLOCKED,BLOCKED,INELIGIBLE_DEV,MODEL_PLUS,"[""HARD_BLOCK:SIMULATED_CLOCK"", ""HARD_BLOCK:STALE_PRICE"", ""HARD_BLOCK:SYNTHETIC_SOURCE""]","[""HARD_BLOCK:SYNTHETIC_SOURCE"", ""HARD_BLOCK:SIMULATED_CLOCK"", ""HARD_BLOCK:STALE_PRICE""]",[]
P:769a53b1dcab93392e30,2025020704,2025020704:TOTAL:UNDER:+6.5,synthbook,2026-01-20T20:30:00Z,DEV_SYNTHETIC,BLOCKED,BLOCKED,INELIGIBLE_DEV,PASS,"[""HARD_BLOCK:SIMULATED_CLOCK"", ""HARD_BLOCK:STALE_PRICE"", ""HARD_BLOCK:SYNTHETIC_SOURCE""]","[""HARD_BLOCK:SYNTHETIC_SOURCE"", ""HARD_BLOCK:SIMULATED_CLOCK"", ""HARD_BLOCK:STALE_PRICE""]",[]
P:7ec95d8a4c67eea3107d,2025020705,2025020705:ML:HOME,synthbook,2026-01-20T20:30:00Z,DEV_SYNTHETIC,BLOCKED,BLOCKED,INELIGIBLE_DEV,MODEL_PLUS,"[""HARD_BLOCK:SIMULATED_CLOCK"", ""HARD_BLOCK:STALE_PRICE"", ""HARD_BLOCK:SYNTHETIC_SOURCE""]","[""HARD_BLOCK:SYNTHETIC_SOURCE"", ""HARD_BLOCK:SIMULATED_CLOCK"", ""HARD_BLOCK:STALE_PRICE""]",[]
P:b26b4c793a3e9fcdbfa4,2025020705,2025020705:ML:AWAY,synthbook,2026-01-20T20:30:00Z,DEV_SYNTHETIC,BLOCKED,BLOCKED,INELIGIBLE_DEV,PASS,"[""HARD_BLOCK:SIMULATED_CLOCK"", ""HARD_BLOCK:STALE_PRICE"", ""HARD_BLOCK:SYNTHETIC_SOURCE""]","[""HARD_BLOCK:SYNTHETIC_SOURCE"", ""HARD_BLOCK:SIMULATED_CLOCK"", ""HARD_BLOCK:STALE_PRICE""]",[]
P:c6b63ee9b8dd0afe9406,2025020705,2025020705:PUCK_LINE:HOME:+1.5,synthbook,2026-01-20T20:30:00Z,DEV_SYNTHETIC,BLOCKED,BLOCKED,INELIGIBLE_DEV,PASS,"[""HARD_BLOCK:SIMULATED_CLOCK"", ""HARD_BLOCK:STALE_PRICE"", ""HARD_BLOCK:SYNTHETIC_SOURCE""]","[""HARD_BLOCK:SYNTHETIC_SOURCE"", ""HARD_BLOCK:SIMULATED_CLOCK"", ""HARD_BLOCK:STALE_PRICE""]",[]
P:b70d808dc2d3cdb74465,2025020705,2025020705:PUCK_LINE:AWAY:-1.5,synthbook,2026-01-20T20:30:00Z,DEV_SYNTHETIC,BLOCKED,BLOCKED,INELIGIBLE_DEV,PASS,"[""HARD_BLOCK:SIMULATED_CLOCK"", ""HARD_BLOCK:STALE_PRICE"", ""HARD_BLOCK:SYNTHETIC_SOURCE""]","[""HARD_BLOCK:SYNTHETIC_SOURCE"", ""HARD_BLOCK:SIMULATED_CLOCK"", ""HARD_BLOCK:STALE_PRICE""]",[]
P:34b2f1bcb55435ee1cd7,2025020705,2025020705:REG_3WAY:HOME,synthbook,2026-01-20T20:30:00Z,DEV_SYNTHETIC,BLOCKED,BLOCKED,INELIGIBLE_DEV,PASS,"[""HARD_BLOCK:SIMULATED_CLOCK"", ""HARD_BLOCK:STALE_PRICE"", ""HARD_BLOCK:SYNTHETIC_SOURCE""]","[""HARD_BLOCK:SYNTHETIC_SOURCE"", ""HARD_BLOCK:SIMULATED_CLOCK"", ""HARD_BLOCK:STALE_PRICE""]",[]
P:91698b54c564813e695b,2025020705,2025020705:REG_3WAY:DRAW,synthbook,2026-01-20T20:30:00Z,DEV_SYNTHETIC,BLOCKED,BLOCKED,INELIGIBLE_DEV,PASS,"[""HARD_BLOCK:SIMULATED_CLOCK"", ""HARD_BLOCK:STALE_PRICE"", ""HARD_BLOCK:SYNTHETIC_SOURCE""]","[""HARD_BLOCK:SYNTHETIC_SOURCE"", ""HARD_BLOCK:SIMULATED_CLOCK"", ""HARD_BLOCK:STALE_PRICE""]",[]
P:0fa88b0e6324429bc4ff,2025020705,2025020705:REG_3WAY:AWAY,synthbook,2026-01-20T20:30:00Z,DEV_SYNTHETIC,BLOCKED,BLOCKED,INELIGIBLE_DEV,PASS,"[""HARD_BLOCK:SIMULATED_CLOCK"", ""HARD_BLOCK:STALE_PRICE"", ""HARD_BLOCK:SYNTHETIC_SOURCE""]","[""HARD_BLOCK:SYNTHETIC_SOURCE"", ""HARD_BLOCK:SIMULATED_CLOCK"", ""HARD_BLOCK:STALE_PRICE""]",[]
P:3d6e197ff9c1a12ad5ca,2025020705,2025020705:TEAM_TOTAL:BUF:OVER:+2.5,synthbook,2026-01-20T20:30:00Z,DEV_SYNTHETIC,BLOCKED,BLOCKED,INELIGIBLE_DEV,PASS,"[""HARD_BLOCK:SIMULATED_CLOCK"", ""HARD_BLOCK:STALE_PRICE"", ""HARD_BLOCK:SYNTHETIC_SOURCE""]","[""HARD_BLOCK:SYNTHETIC_SOURCE"", ""HARD_BLOCK:SIMULATED_CLOCK"", ""HARD_BLOCK:STALE_PRICE""]",[]
P:a6140efce6e5d70ee0b4,2025020705,2025020705:TEAM_TOTAL:BUF:UNDER:+2.5,synthbook,2026-01-20T20:30:00Z,DEV_SYNTHETIC,BLOCKED,BLOCKED,INELIGIBLE_DEV,PASS,"[""HARD_BLOCK:SIMULATED_CLOCK"", ""HARD_BLOCK:STALE_PRICE"", ""HARD_BLOCK:SYNTHETIC_SOURCE""]","[""HARD_BLOCK:SYNTHETIC_SOURCE"", ""HARD_BLOCK:SIMULATED_CLOCK"", ""HARD_BLOCK:STALE_PRICE""]",[]
P:8608eb260876e906ba56,2025020705,2025020705:TEAM_TOTAL:NSH:OVER:+2.5,synthbook,2026-01-20T20:30:00Z,DEV_SYNTHETIC,BLOCKED,BLOCKED,INELIGIBLE_DEV,PASS,"[""HARD_BLOCK:SIMULATED_CLOCK"", ""HARD_BLOCK:STALE_PRICE"", ""HARD_BLOCK:SYNTHETIC_SOURCE""]","[""HARD_BLOCK:SYNTHETIC_SOURCE"", ""HARD_BLOCK:SIMULATED_CLOCK"", ""HARD_BLOCK:STALE_PRICE""]",[]
P:47e704d0edd2ca9fb9d6,2025020705,2025020705:TEAM_TOTAL:NSH:UNDER:+2.5,synthbook,2026-01-20T20:30:00Z,DEV_SYNTHETIC,BLOCKED,BLOCKED,INELIGIBLE_DEV,PASS,"[""HARD_BLOCK:SIMULATED_CLOCK"", ""HARD_BLOCK:STALE_PRICE"", ""HARD_BLOCK:SYNTHETIC_SOURCE""]","[""HARD_BLOCK:SYNTHETIC_SOURCE"", ""HARD_BLOCK:SIMULATED_CLOCK"", ""HARD_BLOCK:STALE_PRICE""]",[]
P:8ad7ad1f672e5cf1339c,2025020705,2025020705:TOTAL:OVER:+6.5,synthbook,2026-01-20T20:30:00Z,DEV_SYNTHETIC,BLOCKED,BLOCKED,INELIGIBLE_DEV,PASS,"[""HARD_BLOCK:SIMULATED_CLOCK"", ""HARD_BLOCK:STALE_PRICE"", ""HARD_BLOCK:SYNTHETIC_SOURCE""]","[""HARD_BLOCK:SYNTHETIC_SOURCE"", ""HARD_BLOCK:SIMULATED_CLOCK"", ""HARD_BLOCK:STALE_PRICE""]",[]
P:7be9acdf95a97b8faa01,2025020705,2025020705:TOTAL:UNDER:+6.5,synthbook,2026-01-20T20:30:00Z,DEV_SYNTHETIC,BLOCKED,BLOCKED,INELIGIBLE_DEV,PASS,"[""HARD_BLOCK:SIMULATED_CLOCK"", ""HARD_BLOCK:STALE_PRICE"", ""HARD_BLOCK:SYNTHETIC_SOURCE""]","[""HARD_BLOCK:SYNTHETIC_SOURCE"", ""HARD_BLOCK:SIMULATED_CLOCK"", ""HARD_BLOCK:STALE_PRICE""]",[]
P:8459fc2fce4acf7bd326,2025020706,2025020706:ML:HOME,synthbook,2026-01-20T20:30:00Z,DEV_SYNTHETIC,BLOCKED,BLOCKED,INELIGIBLE_DEV,MODEL_PLUS,"[""HARD_BLOCK:SIMULATED_CLOCK"", ""HARD_BLOCK:STALE_PRICE"", ""HARD_BLOCK:SYNTHETIC_SOURCE""]","[""HARD_BLOCK:SYNTHETIC_SOURCE"", ""HARD_BLOCK:SIMULATED_CLOCK"", ""HARD_BLOCK:STALE_PRICE""]",[]
P:aedaad2ceddaa2f74481,2025020706,2025020706:ML:AWAY,synthbook,2026-01-20T20:30:00Z,DEV_SYNTHETIC,BLOCKED,BLOCKED,INELIGIBLE_DEV,PASS,"[""HARD_BLOCK:SIMULATED_CLOCK"", ""HARD_BLOCK:STALE_PRICE"", ""HARD_BLOCK:SYNTHETIC_SOURCE""]","[""HARD_BLOCK:SYNTHETIC_SOURCE"", ""HARD_BLOCK:SIMULATED_CLOCK"", ""HARD_BLOCK:STALE_PRICE""]",[]
P:0ac775dbb50b4fcceb20,2025020706,2025020706:PUCK_LINE:HOME:-1.5,synthbook,2026-01-20T20:30:00Z,DEV_SYNTHETIC,BLOCKED,BLOCKED,INELIGIBLE_DEV,PASS,"[""HARD_BLOCK:SIMULATED_CLOCK"", ""HARD_BLOCK:STALE_PRICE"", ""HARD_BLOCK:SYNTHETIC_SOURCE""]","[""HARD_BLOCK:SYNTHETIC_SOURCE"", ""HARD_BLOCK:SIMULATED_CLOCK"", ""HARD_BLOCK:STALE_PRICE""]",[]
P:0fee43d5b51fd60ee2b7,2025020706,2025020706:PUCK_LINE:AWAY:+1.5,synthbook,2026-01-20T20:30:00Z,DEV_SYNTHETIC,BLOCKED,BLOCKED,INELIGIBLE_DEV,PASS,"[""HARD_BLOCK:SIMULATED_CLOCK"", ""HARD_BLOCK:STALE_PRICE"", ""HARD_BLOCK:SYNTHETIC_SOURCE""]","[""HARD_BLOCK:SYNTHETIC_SOURCE"", ""HARD_BLOCK:SIMULATED_CLOCK"", ""HARD_BLOCK:STALE_PRICE""]",[]
P:8d3795ed85283bc81b8b,2025020706,2025020706:REG_3WAY:HOME,synthbook,2026-01-20T20:30:00Z,DEV_SYNTHETIC,BLOCKED,BLOCKED,INELIGIBLE_DEV,PASS,"[""HARD_BLOCK:SIMULATED_CLOCK"", ""HARD_BLOCK:STALE_PRICE"", ""HARD_BLOCK:SYNTHETIC_SOURCE""]","[""HARD_BLOCK:SYNTHETIC_SOURCE"", ""HARD_BLOCK:SIMULATED_CLOCK"", ""HARD_BLOCK:STALE_PRICE""]",[]
P:434d2536ee6bd9fb42f9,2025020706,2025020706:REG_3WAY:DRAW,synthbook,2026-01-20T20:30:00Z,DEV_SYNTHETIC,BLOCKED,BLOCKED,INELIGIBLE_DEV,PASS,"[""HARD_BLOCK:SIMULATED_CLOCK"", ""HARD_BLOCK:STALE_PRICE"", ""HARD_BLOCK:SYNTHETIC_SOURCE""]","[""HARD_BLOCK:SYNTHETIC_SOURCE"", ""HARD_BLOCK:SIMULATED_CLOCK"", ""HARD_BLOCK:STALE_PRICE""]",[]
P:57e5514d3f91b2768033,2025020706,2025020706:REG_3WAY:AWAY,synthbook,2026-01-20T20:30:00Z,DEV_SYNTHETIC,BLOCKED,BLOCKED,INELIGIBLE_DEV,PASS,"[""HARD_BLOCK:SIMULATED_CLOCK"", ""HARD_BLOCK:STALE_PRICE"", ""HARD_BLOCK:SYNTHETIC_SOURCE""]","[""HARD_BLOCK:SYNTHETIC_SOURCE"", ""HARD_BLOCK:SIMULATED_CLOCK"", ""HARD_BLOCK:STALE_PRICE""]",[]
P:bd8e85f451944c950c1a,2025020706,2025020706:TEAM_TOTAL:DET:OVER:+2.5,synthbook,2026-01-20T20:30:00Z,DEV_SYNTHETIC,BLOCKED,BLOCKED,INELIGIBLE_DEV,PASS,"[""HARD_BLOCK:SIMULATED_CLOCK"", ""HARD_BLOCK:STALE_PRICE"", ""HARD_BLOCK:SYNTHETIC_SOURCE""]","[""HARD_BLOCK:SYNTHETIC_SOURCE"", ""HARD_BLOCK:SIMULATED_CLOCK"", ""HARD_BLOCK:STALE_PRICE""]",[]
P:058097a992d39a79ca70,2025020706,2025020706:TEAM_TOTAL:DET:UNDER:+2.5,synthbook,2026-01-20T20:30:00Z,DEV_SYNTHETIC,BLOCKED,BLOCKED,INELIGIBLE_DEV,PASS,"[""HARD_BLOCK:SIMULATED_CLOCK"", ""HARD_BLOCK:STALE_PRICE"", ""HARD_BLOCK:SYNTHETIC_SOURCE""]","[""HARD_BLOCK:SYNTHETIC_SOURCE"", ""HARD_BLOCK:SIMULATED_CLOCK"", ""HARD_BLOCK:STALE_PRICE""]",[]
P:f64838291270943d5460,2025020706,2025020706:TEAM_TOTAL:WSH:OVER:+2.5,synthbook,2026-01-20T20:30:00Z,DEV_SYNTHETIC,BLOCKED,BLOCKED,INELIGIBLE_DEV,PASS,"[""HARD_BLOCK:SIMULATED_CLOCK"", ""HARD_BLOCK:STALE_PRICE"", ""HARD_BLOCK:SYNTHETIC_SOURCE""]","[""HARD_BLOCK:SYNTHETIC_SOURCE"", ""HARD_BLOCK:SIMULATED_CLOCK"", ""HARD_BLOCK:STALE_PRICE""]",[]
P:3cc6bed8bdc7dfd5f66c,2025020706,2025020706:TEAM_TOTAL:WSH:UNDER:+2.5,synthbook,2026-01-20T20:30:00Z,DEV_SYNTHETIC,BLOCKED,BLOCKED,INELIGIBLE_DEV,PASS,"[""HARD_BLOCK:SIMULATED_CLOCK"", ""HARD_BLOCK:STALE_PRICE"", ""HARD_BLOCK:SYNTHETIC_SOURCE""]","[""HARD_BLOCK:SYNTHETIC_SOURCE"", ""HARD_BLOCK:SIMULATED_CLOCK"", ""HARD_BLOCK:STALE_PRICE""]",[]
P:06b580f7696e9c7c56b4,2025020706,2025020706:TOTAL:OVER:+6.5,synthbook,2026-01-20T20:30:00Z,DEV_SYNTHETIC,BLOCKED,BLOCKED,INELIGIBLE_DEV,PASS,"[""HARD_BLOCK:SIMULATED_CLOCK"", ""HARD_BLOCK:STALE_PRICE"", ""HARD_BLOCK:SYNTHETIC_SOURCE""]","[""HARD_BLOCK:SYNTHETIC_SOURCE"", ""HARD_BLOCK:SIMULATED_CLOCK"", ""HARD_BLOCK:STALE_PRICE""]",[]
P:644cf79a2b7a5c2cd8d5,2025020706,2025020706:TOTAL:UNDER:+6.5,synthbook,2026-01-20T20:30:00Z,DEV_SYNTHETIC,BLOCKED,BLOCKED,INELIGIBLE_DEV,MODEL_PLUS,"[""HARD_BLOCK:SIMULATED_CLOCK"", ""HARD_BLOCK:STALE_PRICE"", ""HARD_BLOCK:SYNTHETIC_SOURCE""]","[""HARD_BLOCK:SYNTHETIC_SOURCE"", ""HARD_BLOCK:SIMULATED_CLOCK"", ""HARD_BLOCK:STALE_PRICE""]",[]
P:be62e3f49cecea088013,2025020705,2025020705:ML:HOME,synthbook,2026-01-20T21:50:00Z,DEV_SYNTHETIC,BLOCKED,BLOCKED,INELIGIBLE_DEV,MODEL_PLUS,"[""HARD_BLOCK:SIMULATED_CLOCK"", ""HARD_BLOCK:STALE_PRICE"", ""HARD_BLOCK:SYNTHETIC_SOURCE""]","[""HARD_BLOCK:SYNTHETIC_SOURCE"", ""HARD_BLOCK:SIMULATED_CLOCK"", ""HARD_BLOCK:STALE_PRICE""]",[]
P:fb034dbcc6db3009ebdc,2025020705,2025020705:ML:AWAY,synthbook,2026-01-20T21:50:00Z,DEV_SYNTHETIC,BLOCKED,BLOCKED,INELIGIBLE_DEV,PASS,"[""HARD_BLOCK:SIMULATED_CLOCK"", ""HARD_BLOCK:STALE_PRICE"", ""HARD_BLOCK:SYNTHETIC_SOURCE""]","[""HARD_BLOCK:SYNTHETIC_SOURCE"", ""HARD_BLOCK:SIMULATED_CLOCK"", ""HARD_BLOCK:STALE_PRICE""]",[]
P:98ba10904beed0bc3f90,2025020705,2025020705:PUCK_LINE:HOME:+1.5,synthbook,2026-01-20T21:50:00Z,DEV_SYNTHETIC,BLOCKED,BLOCKED,INELIGIBLE_DEV,PASS,"[""HARD_BLOCK:SIMULATED_CLOCK"", ""HARD_BLOCK:STALE_PRICE"", ""HARD_BLOCK:SYNTHETIC_SOURCE""]","[""HARD_BLOCK:SYNTHETIC_SOURCE"", ""HARD_BLOCK:SIMULATED_CLOCK"", ""HARD_BLOCK:STALE_PRICE""]",[]
P:ef242f6c30822b0fe124,2025020705,2025020705:PUCK_LINE:AWAY:-1.5,synthbook,2026-01-20T21:50:00Z,DEV_SYNTHETIC,BLOCKED,BLOCKED,INELIGIBLE_DEV,PASS,"[""HARD_BLOCK:SIMULATED_CLOCK"", ""HARD_BLOCK:STALE_PRICE"", ""HARD_BLOCK:SYNTHETIC_SOURCE""]","[""HARD_BLOCK:SYNTHETIC_SOURCE"", ""HARD_BLOCK:SIMULATED_CLOCK"", ""HARD_BLOCK:STALE_PRICE""]",[]
P:8efbd57968cfbbbaadf3,2025020705,2025020705:REG_3WAY:HOME,synthbook,2026-01-20T21:50:00Z,DEV_SYNTHETIC,BLOCKED,BLOCKED,INELIGIBLE_DEV,PASS,"[""HARD_BLOCK:SIMULATED_CLOCK"", ""HARD_BLOCK:STALE_PRICE"", ""HARD_BLOCK:SYNTHETIC_SOURCE""]","[""HARD_BLOCK:SYNTHETIC_SOURCE"", ""HARD_BLOCK:SIMULATED_CLOCK"", ""HARD_BLOCK:STALE_PRICE""]",[]
P:584318f1afaa276f770c,2025020705,2025020705:REG_3WAY:DRAW,synthbook,2026-01-20T21:50:00Z,DEV_SYNTHETIC,BLOCKED,BLOCKED,INELIGIBLE_DEV,PASS,"[""HARD_BLOCK:SIMULATED_CLOCK"", ""HARD_BLOCK:STALE_PRICE"", ""HARD_BLOCK:SYNTHETIC_SOURCE""]","[""HARD_BLOCK:SYNTHETIC_SOURCE"", ""HARD_BLOCK:SIMULATED_CLOCK"", ""HARD_BLOCK:STALE_PRICE""]",[]
P:3e22d7d90495a24c8109,2025020705,2025020705:REG_3WAY:AWAY,synthbook,2026-01-20T21:50:00Z,DEV_SYNTHETIC,BLOCKED,BLOCKED,INELIGIBLE_DEV,PASS,"[""HARD_BLOCK:SIMULATED_CLOCK"", ""HARD_BLOCK:STALE_PRICE"", ""HARD_BLOCK:SYNTHETIC_SOURCE""]","[""HARD_BLOCK:SYNTHETIC_SOURCE"", ""HARD_BLOCK:SIMULATED_CLOCK"", ""HARD_BLOCK:STALE_PRICE""]",[]
P:aeaec1bc610c5f49d748,2025020705,2025020705:TEAM_TOTAL:BUF:OVER:+2.5,synthbook,2026-01-20T21:50:00Z,DEV_SYNTHETIC,BLOCKED,BLOCKED,INELIGIBLE_DEV,PASS,"[""HARD_BLOCK:SIMULATED_CLOCK"", ""HARD_BLOCK:STALE_PRICE"", ""HARD_BLOCK:SYNTHETIC_SOURCE""]","[""HARD_BLOCK:SYNTHETIC_SOURCE"", ""HARD_BLOCK:SIMULATED_CLOCK"", ""HARD_BLOCK:STALE_PRICE""]",[]
P:9f4aa1e5d116f6890b51,2025020705,2025020705:TEAM_TOTAL:BUF:UNDER:+2.5,synthbook,2026-01-20T21:50:00Z,DEV_SYNTHETIC,BLOCKED,BLOCKED,INELIGIBLE_DEV,PASS,"[""HARD_BLOCK:SIMULATED_CLOCK"", ""HARD_BLOCK:STALE_PRICE"", ""HARD_BLOCK:SYNTHETIC_SOURCE""]","[""HARD_BLOCK:SYNTHETIC_SOURCE"", ""HARD_BLOCK:SIMULATED_CLOCK"", ""HARD_BLOCK:STALE_PRICE""]",[]
P:a4d39eca1d7a36f619ca,2025020705,2025020705:TEAM_TOTAL:NSH:OVER:+2.5,synthbook,2026-01-20T21:50:00Z,DEV_SYNTHETIC,BLOCKED,BLOCKED,INELIGIBLE_DEV,WATCH,"[""HARD_BLOCK:SIMULATED_CLOCK"", ""HARD_BLOCK:STALE_PRICE"", ""HARD_BLOCK:SYNTHETIC_SOURCE""]","[""HARD_BLOCK:SYNTHETIC_SOURCE"", ""HARD_BLOCK:SIMULATED_CLOCK"", ""HARD_BLOCK:STALE_PRICE""]",[]
P:4aacae45eb3b7ea8a6ee,2025020705,2025020705:TEAM_TOTAL:NSH:UNDER:+2.5,synthbook,2026-01-20T21:50:00Z,DEV_SYNTHETIC,BLOCKED,BLOCKED,INELIGIBLE_DEV,PASS,"[""HARD_BLOCK:SIMULATED_CLOCK"", ""HARD_BLOCK:STALE_PRICE"", ""HARD_BLOCK:SYNTHETIC_SOURCE""]","[""HARD_BLOCK:SYNTHETIC_SOURCE"", ""HARD_BLOCK:SIMULATED_CLOCK"", ""HARD_BLOCK:STALE_PRICE""]",[]
P:ba36dc88d5faa5095fc4,2025020705,2025020705:TOTAL:OVER:+6.5,synthbook,2026-01-20T21:50:00Z,DEV_SYNTHETIC,BLOCKED,BLOCKED,INELIGIBLE_DEV,PASS,"[""HARD_BLOCK:SIMULATED_CLOCK"", ""HARD_BLOCK:STALE_PRICE"", ""HARD_BLOCK:SYNTHETIC_SOURCE""]","[""HARD_BLOCK:SYNTHETIC_SOURCE"", ""HARD_BLOCK:SIMULATED_CLOCK"", ""HARD_BLOCK:STALE_PRICE""]",[]
P:82045adee0279717279a,2025020705,2025020705:TOTAL:UNDER:+6.5,synthbook,2026-01-20T21:50:00Z,DEV_SYNTHETIC,BLOCKED,BLOCKED,INELIGIBLE_DEV,PASS,"[""HARD_BLOCK:SIMULATED_CLOCK"", ""HARD_BLOCK:STALE_PRICE"", ""HARD_BLOCK:SYNTHETIC_SOURCE""]","[""HARD_BLOCK:SYNTHETIC_SOURCE"", ""HARD_BLOCK:SIMULATED_CLOCK"", ""HARD_BLOCK:STALE_PRICE""]",[]
P:a75883330ee84342a584,2025020706,2025020706:ML:HOME,synthbook,2026-01-20T21:50:00Z,DEV_SYNTHETIC,BLOCKED,BLOCKED,INELIGIBLE_DEV,MODEL_PLUS,"[""HARD_BLOCK:SIMULATED_CLOCK"", ""HARD_BLOCK:STALE_PRICE"", ""HARD_BLOCK:SYNTHETIC_SOURCE""]","[""HARD_BLOCK:SYNTHETIC_SOURCE"", ""HARD_BLOCK:SIMULATED_CLOCK"", ""HARD_BLOCK:STALE_PRICE""]",[]
P:0f715baaa70f5cbd1d06,2025020706,2025020706:ML:AWAY,synthbook,2026-01-20T21:50:00Z,DEV_SYNTHETIC,BLOCKED,BLOCKED,INELIGIBLE_DEV,PASS,"[""HARD_BLOCK:SIMULATED_CLOCK"", ""HARD_BLOCK:STALE_PRICE"", ""HARD_BLOCK:SYNTHETIC_SOURCE""]","[""HARD_BLOCK:SYNTHETIC_SOURCE"", ""HARD_BLOCK:SIMULATED_CLOCK"", ""HARD_BLOCK:STALE_PRICE""]",[]
P:59651cd02103aeec7947,2025020706,2025020706:PUCK_LINE:HOME:-1.5,synthbook,2026-01-20T21:50:00Z,DEV_SYNTHETIC,BLOCKED,BLOCKED,INELIGIBLE_DEV,PASS,"[""HARD_BLOCK:SIMULATED_CLOCK"", ""HARD_BLOCK:STALE_PRICE"", ""HARD_BLOCK:SYNTHETIC_SOURCE""]","[""HARD_BLOCK:SYNTHETIC_SOURCE"", ""HARD_BLOCK:SIMULATED_CLOCK"", ""HARD_BLOCK:STALE_PRICE""]",[]
P:ef0afa2fd56f2ba0a907,2025020706,2025020706:PUCK_LINE:AWAY:+1.5,synthbook,2026-01-20T21:50:00Z,DEV_SYNTHETIC,BLOCKED,BLOCKED,INELIGIBLE_DEV,PASS,"[""HARD_BLOCK:SIMULATED_CLOCK"", ""HARD_BLOCK:STALE_PRICE"", ""HARD_BLOCK:SYNTHETIC_SOURCE""]","[""HARD_BLOCK:SYNTHETIC_SOURCE"", ""HARD_BLOCK:SIMULATED_CLOCK"", ""HARD_BLOCK:STALE_PRICE""]",[]
P:a483366460d0cfcc7d2f,2025020706,2025020706:REG_3WAY:HOME,synthbook,2026-01-20T21:50:00Z,DEV_SYNTHETIC,BLOCKED,BLOCKED,INELIGIBLE_DEV,PASS,"[""HARD_BLOCK:SIMULATED_CLOCK"", ""HARD_BLOCK:STALE_PRICE"", ""HARD_BLOCK:SYNTHETIC_SOURCE""]","[""HARD_BLOCK:SYNTHETIC_SOURCE"", ""HARD_BLOCK:SIMULATED_CLOCK"", ""HARD_BLOCK:STALE_PRICE""]",[]
P:7a65ee645541c727d7a9,2025020706,2025020706:REG_3WAY:DRAW,synthbook,2026-01-20T21:50:00Z,DEV_SYNTHETIC,BLOCKED,BLOCKED,INELIGIBLE_DEV,PASS,"[""HARD_BLOCK:SIMULATED_CLOCK"", ""HARD_BLOCK:STALE_PRICE"", ""HARD_BLOCK:SYNTHETIC_SOURCE""]","[""HARD_BLOCK:SYNTHETIC_SOURCE"", ""HARD_BLOCK:SIMULATED_CLOCK"", ""HARD_BLOCK:STALE_PRICE""]",[]
P:ba385ffbaa611c06688e,2025020706,2025020706:REG_3WAY:AWAY,synthbook,2026-01-20T21:50:00Z,DEV_SYNTHETIC,BLOCKED,BLOCKED,INELIGIBLE_DEV,PASS,"[""HARD_BLOCK:SIMULATED_CLOCK"", ""HARD_BLOCK:STALE_PRICE"", ""HARD_BLOCK:SYNTHETIC_SOURCE""]","[""HARD_BLOCK:SYNTHETIC_SOURCE"", ""HARD_BLOCK:SIMULATED_CLOCK"", ""HARD_BLOCK:STALE_PRICE""]",[]
P:61c4b7e1b2e330d05a20,2025020706,2025020706:TEAM_TOTAL:DET:OVER:+2.5,synthbook,2026-01-20T21:50:00Z,DEV_SYNTHETIC,BLOCKED,BLOCKED,INELIGIBLE_DEV,PASS,"[""HARD_BLOCK:SIMULATED_CLOCK"", ""HARD_BLOCK:STALE_PRICE"", ""HARD_BLOCK:SYNTHETIC_SOURCE""]","[""HARD_BLOCK:SYNTHETIC_SOURCE"", ""HARD_BLOCK:SIMULATED_CLOCK"", ""HARD_BLOCK:STALE_PRICE""]",[]
P:497b7d312cdcb9b438d0,2025020706,2025020706:TEAM_TOTAL:DET:UNDER:+2.5,synthbook,2026-01-20T21:50:00Z,DEV_SYNTHETIC,BLOCKED,BLOCKED,INELIGIBLE_DEV,PASS,"[""HARD_BLOCK:SIMULATED_CLOCK"", ""HARD_BLOCK:STALE_PRICE"", ""HARD_BLOCK:SYNTHETIC_SOURCE""]","[""HARD_BLOCK:SYNTHETIC_SOURCE"", ""HARD_BLOCK:SIMULATED_CLOCK"", ""HARD_BLOCK:STALE_PRICE""]",[]
P:7db46ba8cff24dbb1f30,2025020706,2025020706:TEAM_TOTAL:WSH:OVER:+2.5,synthbook,2026-01-20T21:50:00Z,DEV_SYNTHETIC,BLOCKED,BLOCKED,INELIGIBLE_DEV,PASS,"[""HARD_BLOCK:SIMULATED_CLOCK"", ""HARD_BLOCK:STALE_PRICE"", ""HARD_BLOCK:SYNTHETIC_SOURCE""]","[""HARD_BLOCK:SYNTHETIC_SOURCE"", ""HARD_BLOCK:SIMULATED_CLOCK"", ""HARD_BLOCK:STALE_PRICE""]",[]
P:8e1c2def4350f0c3b987,2025020706,2025020706:TEAM_TOTAL:WSH:UNDER:+2.5,synthbook,2026-01-20T21:50:00Z,DEV_SYNTHETIC,BLOCKED,BLOCKED,INELIGIBLE_DEV,PASS,"[""HARD_BLOCK:SIMULATED_CLOCK"", ""HARD_BLOCK:STALE_PRICE"", ""HARD_BLOCK:SYNTHETIC_SOURCE""]","[""HARD_BLOCK:SYNTHETIC_SOURCE"", ""HARD_BLOCK:SIMULATED_CLOCK"", ""HARD_BLOCK:STALE_PRICE""]",[]
P:5e7b73c717ad210fd582,2025020706,2025020706:TOTAL:OVER:+6.5,synthbook,2026-01-20T21:50:00Z,DEV_SYNTHETIC,BLOCKED,BLOCKED,INELIGIBLE_DEV,PASS,"[""HARD_BLOCK:SIMULATED_CLOCK"", ""HARD_BLOCK:STALE_PRICE"", ""HARD_BLOCK:SYNTHETIC_SOURCE""]","[""HARD_BLOCK:SYNTHETIC_SOURCE"", ""HARD_BLOCK:SIMULATED_CLOCK"", ""HARD_BLOCK:STALE_PRICE""]",[]
P:22d864cdd2e3edef321f,2025020706,2025020706:TOTAL:UNDER:+6.5,synthbook,2026-01-20T21:50:00Z,DEV_SYNTHETIC,BLOCKED,BLOCKED,INELIGIBLE_DEV,MODEL_PLUS,"[""HARD_BLOCK:SIMULATED_CLOCK"", ""HARD_BLOCK:STALE_PRICE"", ""HARD_BLOCK:SYNTHETIC_SOURCE""]","[""HARD_BLOCK:SYNTHETIC_SOURCE"", ""HARD_BLOCK:SIMULATED_CLOCK"", ""HARD_BLOCK:STALE_PRICE""]",[]
P:e251ec3f847130e2338a,2025020702,2025020702:ML:HOME,synthbook,2026-01-20T22:20:00Z,DEV_SYNTHETIC,BLOCKED,BLOCKED,INELIGIBLE_DEV,WATCH,"[""HARD_BLOCK:SIMULATED_CLOCK"", ""HARD_BLOCK:STALE_PRICE"", ""HARD_BLOCK:SYNTHETIC_SOURCE""]","[""HARD_BLOCK:SYNTHETIC_SOURCE"", ""HARD_BLOCK:SIMULATED_CLOCK"", ""HARD_BLOCK:STALE_PRICE"", ""SOFT:AWAY:GOALIE_SCRATCHED:8470616""]",[]
P:dd383f81aba21138e101,2025020702,2025020702:ML:AWAY,synthbook,2026-01-20T22:20:00Z,DEV_SYNTHETIC,BLOCKED,BLOCKED,INELIGIBLE_DEV,PASS,"[""HARD_BLOCK:SIMULATED_CLOCK"", ""HARD_BLOCK:STALE_PRICE"", ""HARD_BLOCK:SYNTHETIC_SOURCE""]","[""HARD_BLOCK:SYNTHETIC_SOURCE"", ""HARD_BLOCK:SIMULATED_CLOCK"", ""HARD_BLOCK:STALE_PRICE"", ""SOFT:AWAY:GOALIE_SCRATCHED:8470616""]",[]
P:7ba8839786e1eb6aafe0,2025020702,2025020702:PUCK_LINE:HOME:-1.5,synthbook,2026-01-20T22:20:00Z,DEV_SYNTHETIC,BLOCKED,BLOCKED,INELIGIBLE_DEV,PASS,"[""HARD_BLOCK:SIMULATED_CLOCK"", ""HARD_BLOCK:STALE_PRICE"", ""HARD_BLOCK:SYNTHETIC_SOURCE""]","[""HARD_BLOCK:SYNTHETIC_SOURCE"", ""HARD_BLOCK:SIMULATED_CLOCK"", ""HARD_BLOCK:STALE_PRICE"", ""SOFT:AWAY:GOALIE_SCRATCHED:8470616""]",[]
P:06ea20789082df18e802,2025020702,2025020702:PUCK_LINE:AWAY:+1.5,synthbook,2026-01-20T22:20:00Z,DEV_SYNTHETIC,BLOCKED,BLOCKED,INELIGIBLE_DEV,PASS,"[""HARD_BLOCK:SIMULATED_CLOCK"", ""HARD_BLOCK:STALE_PRICE"", ""HARD_BLOCK:SYNTHETIC_SOURCE""]","[""HARD_BLOCK:SYNTHETIC_SOURCE"", ""HARD_BLOCK:SIMULATED_CLOCK"", ""HARD_BLOCK:STALE_PRICE"", ""SOFT:AWAY:GOALIE_SCRATCHED:8470616""]",[]
P:a28e99df7d7be6865be1,2025020702,2025020702:REG_3WAY:HOME,synthbook,2026-01-20T22:20:00Z,DEV_SYNTHETIC,BLOCKED,BLOCKED,INELIGIBLE_DEV,MODEL_PLUS,"[""HARD_BLOCK:SIMULATED_CLOCK"", ""HARD_BLOCK:STALE_PRICE"", ""HARD_BLOCK:SYNTHETIC_SOURCE""]","[""HARD_BLOCK:SYNTHETIC_SOURCE"", ""HARD_BLOCK:SIMULATED_CLOCK"", ""HARD_BLOCK:STALE_PRICE"", ""SOFT:AWAY:GOALIE_SCRATCHED:8470616""]",[]
P:59d9aa59acb8436ceb42,2025020702,2025020702:REG_3WAY:DRAW,synthbook,2026-01-20T22:20:00Z,DEV_SYNTHETIC,BLOCKED,BLOCKED,INELIGIBLE_DEV,PASS,"[""HARD_BLOCK:SIMULATED_CLOCK"", ""HARD_BLOCK:STALE_PRICE"", ""HARD_BLOCK:SYNTHETIC_SOURCE""]","[""HARD_BLOCK:SYNTHETIC_SOURCE"", ""HARD_BLOCK:SIMULATED_CLOCK"", ""HARD_BLOCK:STALE_PRICE"", ""SOFT:AWAY:GOALIE_SCRATCHED:8470616""]",[]
P:d75cbedc90d30086e3ca,2025020702,2025020702:REG_3WAY:AWAY,synthbook,2026-01-20T22:20:00Z,DEV_SYNTHETIC,BLOCKED,BLOCKED,INELIGIBLE_DEV,PASS,"[""HARD_BLOCK:SIMULATED_CLOCK"", ""HARD_BLOCK:STALE_PRICE"", ""HARD_BLOCK:SYNTHETIC_SOURCE""]","[""HARD_BLOCK:SYNTHETIC_SOURCE"", ""HARD_BLOCK:SIMULATED_CLOCK"", ""HARD_BLOCK:STALE_PRICE"", ""SOFT:AWAY:GOALIE_SCRATCHED:8470616""]",[]
P:06728801aa79076997da,2025020702,2025020702:TEAM_TOTAL:COL:OVER:+2.5,synthbook,2026-01-20T22:20:00Z,DEV_SYNTHETIC,BLOCKED,BLOCKED,INELIGIBLE_DEV,PASS,"[""HARD_BLOCK:SIMULATED_CLOCK"", ""HARD_BLOCK:STALE_PRICE"", ""HARD_BLOCK:SYNTHETIC_SOURCE""]","[""HARD_BLOCK:SYNTHETIC_SOURCE"", ""HARD_BLOCK:SIMULATED_CLOCK"", ""HARD_BLOCK:STALE_PRICE"", ""SOFT:AWAY:GOALIE_SCRATCHED:8470616""]",[]
P:85133784be19618f4bff,2025020702,2025020702:TEAM_TOTAL:COL:UNDER:+2.5,synthbook,2026-01-20T22:20:00Z,DEV_SYNTHETIC,BLOCKED,BLOCKED,INELIGIBLE_DEV,PASS,"[""HARD_BLOCK:SIMULATED_CLOCK"", ""HARD_BLOCK:STALE_PRICE"", ""HARD_BLOCK:SYNTHETIC_SOURCE""]","[""HARD_BLOCK:SYNTHETIC_SOURCE"", ""HARD_BLOCK:SIMULATED_CLOCK"", ""HARD_BLOCK:STALE_PRICE"", ""SOFT:AWAY:GOALIE_SCRATCHED:8470616""]",[]
P:23a70e80fc4c42c09331,2025020702,2025020702:TEAM_TOTAL:OTT:OVER:+2.5,synthbook,2026-01-20T22:20:00Z,DEV_SYNTHETIC,BLOCKED,BLOCKED,INELIGIBLE_DEV,PASS,"[""HARD_BLOCK:SIMULATED_CLOCK"", ""HARD_BLOCK:STALE_PRICE"", ""HARD_BLOCK:SYNTHETIC_SOURCE""]","[""HARD_BLOCK:SYNTHETIC_SOURCE"", ""HARD_BLOCK:SIMULATED_CLOCK"", ""HARD_BLOCK:STALE_PRICE"", ""SOFT:AWAY:GOALIE_SCRATCHED:8470616""]",[]
P:833c6a3d98d5bda13619,2025020702,2025020702:TEAM_TOTAL:OTT:UNDER:+2.5,synthbook,2026-01-20T22:20:00Z,DEV_SYNTHETIC,BLOCKED,BLOCKED,INELIGIBLE_DEV,PASS,"[""HARD_BLOCK:SIMULATED_CLOCK"", ""HARD_BLOCK:STALE_PRICE"", ""HARD_BLOCK:SYNTHETIC_SOURCE""]","[""HARD_BLOCK:SYNTHETIC_SOURCE"", ""HARD_BLOCK:SIMULATED_CLOCK"", ""HARD_BLOCK:STALE_PRICE"", ""SOFT:AWAY:GOALIE_SCRATCHED:8470616""]",[]
P:295766fae22f719912a8,2025020702,2025020702:TOTAL:OVER:+6.5,synthbook,2026-01-20T22:20:00Z,DEV_SYNTHETIC,BLOCKED,BLOCKED,INELIGIBLE_DEV,MODEL_PLUS,"[""HARD_BLOCK:SIMULATED_CLOCK"", ""HARD_BLOCK:STALE_PRICE"", ""HARD_BLOCK:SYNTHETIC_SOURCE""]","[""HARD_BLOCK:SYNTHETIC_SOURCE"", ""HARD_BLOCK:SIMULATED_CLOCK"", ""HARD_BLOCK:STALE_PRICE"", ""SOFT:AWAY:GOALIE_SCRATCHED:8470616""]",[]
P:49098499b9edd1a4e5b9,2025020702,2025020702:TOTAL:UNDER:+6.5,synthbook,2026-01-20T22:20:00Z,DEV_SYNTHETIC,BLOCKED,BLOCKED,INELIGIBLE_DEV,PASS,"[""HARD_BLOCK:SIMULATED_CLOCK"", ""HARD_BLOCK:STALE_PRICE"", ""HARD_BLOCK:SYNTHETIC_SOURCE""]","[""HARD_BLOCK:SYNTHETIC_SOURCE"", ""HARD_BLOCK:SIMULATED_CLOCK"", ""HARD_BLOCK:STALE_PRICE"", ""SOFT:AWAY:GOALIE_SCRATCHED:8470616""]",[]
P:5a89de4f097584d9eb4d,2025020705,2025020705:ML:HOME,synthbook,2026-01-20T22:20:00Z,DEV_SYNTHETIC,BLOCKED,BLOCKED,INELIGIBLE_DEV,WATCH,"[""HARD_BLOCK:SIMULATED_CLOCK"", ""HARD_BLOCK:SYNTHETIC_SOURCE""]","[""HARD_BLOCK:SYNTHETIC_SOURCE"", ""HARD_BLOCK:SIMULATED_CLOCK""]",[]
P:1a58676ccdaf2476d83e,2025020705,2025020705:ML:AWAY,synthbook,2026-01-20T22:20:00Z,DEV_SYNTHETIC,BLOCKED,BLOCKED,INELIGIBLE_DEV,PASS,"[""HARD_BLOCK:SIMULATED_CLOCK"", ""HARD_BLOCK:SYNTHETIC_SOURCE""]","[""HARD_BLOCK:SYNTHETIC_SOURCE"", ""HARD_BLOCK:SIMULATED_CLOCK""]",[]
P:534f2dd68a27978cb683,2025020705,2025020705:PUCK_LINE:HOME:+1.5,synthbook,2026-01-20T22:20:00Z,DEV_SYNTHETIC,BLOCKED,BLOCKED,INELIGIBLE_DEV,PASS,"[""HARD_BLOCK:SIMULATED_CLOCK"", ""HARD_BLOCK:SYNTHETIC_SOURCE""]","[""HARD_BLOCK:SYNTHETIC_SOURCE"", ""HARD_BLOCK:SIMULATED_CLOCK""]",[]
P:c08043c4e95c58e4aa58,2025020705,2025020705:PUCK_LINE:AWAY:-1.5,synthbook,2026-01-20T22:20:00Z,DEV_SYNTHETIC,BLOCKED,BLOCKED,INELIGIBLE_DEV,PASS,"[""HARD_BLOCK:SIMULATED_CLOCK"", ""HARD_BLOCK:SYNTHETIC_SOURCE""]","[""HARD_BLOCK:SYNTHETIC_SOURCE"", ""HARD_BLOCK:SIMULATED_CLOCK""]",[]
P:8a65a8f012709a81e7c6,2025020705,2025020705:REG_3WAY:HOME,synthbook,2026-01-20T22:20:00Z,DEV_SYNTHETIC,BLOCKED,BLOCKED,INELIGIBLE_DEV,PASS,"[""HARD_BLOCK:SIMULATED_CLOCK"", ""HARD_BLOCK:SYNTHETIC_SOURCE""]","[""HARD_BLOCK:SYNTHETIC_SOURCE"", ""HARD_BLOCK:SIMULATED_CLOCK""]",[]
P:c3213416e2cacf277f3e,2025020705,2025020705:REG_3WAY:DRAW,synthbook,2026-01-20T22:20:00Z,DEV_SYNTHETIC,BLOCKED,BLOCKED,INELIGIBLE_DEV,PASS,"[""HARD_BLOCK:SIMULATED_CLOCK"", ""HARD_BLOCK:SYNTHETIC_SOURCE""]","[""HARD_BLOCK:SYNTHETIC_SOURCE"", ""HARD_BLOCK:SIMULATED_CLOCK""]",[]
P:f104f2d660bc60453d0e,2025020705,2025020705:REG_3WAY:AWAY,synthbook,2026-01-20T22:20:00Z,DEV_SYNTHETIC,BLOCKED,BLOCKED,INELIGIBLE_DEV,PASS,"[""HARD_BLOCK:SIMULATED_CLOCK"", ""HARD_BLOCK:SYNTHETIC_SOURCE""]","[""HARD_BLOCK:SYNTHETIC_SOURCE"", ""HARD_BLOCK:SIMULATED_CLOCK""]",[]
P:d420b7471ee39b763dc3,2025020705,2025020705:TEAM_TOTAL:BUF:OVER:+2.5,synthbook,2026-01-20T22:20:00Z,DEV_SYNTHETIC,BLOCKED,BLOCKED,INELIGIBLE_DEV,PASS,"[""HARD_BLOCK:SIMULATED_CLOCK"", ""HARD_BLOCK:SYNTHETIC_SOURCE""]","[""HARD_BLOCK:SYNTHETIC_SOURCE"", ""HARD_BLOCK:SIMULATED_CLOCK""]",[]
P:401cbe289b3e94c7801a,2025020705,2025020705:TEAM_TOTAL:BUF:UNDER:+2.5,synthbook,2026-01-20T22:20:00Z,DEV_SYNTHETIC,BLOCKED,BLOCKED,INELIGIBLE_DEV,WATCH,"[""HARD_BLOCK:SIMULATED_CLOCK"", ""HARD_BLOCK:SYNTHETIC_SOURCE""]","[""HARD_BLOCK:SYNTHETIC_SOURCE"", ""HARD_BLOCK:SIMULATED_CLOCK""]",[]
P:bac11407e101e8e2c577,2025020705,2025020705:TEAM_TOTAL:NSH:OVER:+2.5,synthbook,2026-01-20T22:20:00Z,DEV_SYNTHETIC,BLOCKED,BLOCKED,INELIGIBLE_DEV,PASS,"[""HARD_BLOCK:SIMULATED_CLOCK"", ""HARD_BLOCK:SYNTHETIC_SOURCE""]","[""HARD_BLOCK:SYNTHETIC_SOURCE"", ""HARD_BLOCK:SIMULATED_CLOCK""]",[]
P:58419ade3fc95e401d1f,2025020705,2025020705:TEAM_TOTAL:NSH:UNDER:+2.5,synthbook,2026-01-20T22:20:00Z,DEV_SYNTHETIC,BLOCKED,BLOCKED,INELIGIBLE_DEV,PASS,"[""HARD_BLOCK:SIMULATED_CLOCK"", ""HARD_BLOCK:SYNTHETIC_SOURCE""]","[""HARD_BLOCK:SYNTHETIC_SOURCE"", ""HARD_BLOCK:SIMULATED_CLOCK""]",[]
P:cc0baba112683a4cba6a,2025020705,2025020705:TOTAL:OVER:+6.5,synthbook,2026-01-20T22:20:00Z,DEV_SYNTHETIC,BLOCKED,BLOCKED,INELIGIBLE_DEV,PASS,"[""HARD_BLOCK:SIMULATED_CLOCK"", ""HARD_BLOCK:SYNTHETIC_SOURCE""]","[""HARD_BLOCK:SYNTHETIC_SOURCE"", ""HARD_BLOCK:SIMULATED_CLOCK""]",[]
P:e7bf257a61d4f941e2a9,2025020705,2025020705:TOTAL:UNDER:+6.5,synthbook,2026-01-20T22:20:00Z,DEV_SYNTHETIC,BLOCKED,BLOCKED,INELIGIBLE_DEV,MODEL_PLUS,"[""HARD_BLOCK:SIMULATED_CLOCK"", ""HARD_BLOCK:SYNTHETIC_SOURCE""]","[""HARD_BLOCK:SYNTHETIC_SOURCE"", ""HARD_BLOCK:SIMULATED_CLOCK""]",[]
P:53ec09267da496be3172,2025020706,2025020706:ML:HOME,synthbook,2026-01-20T22:20:00Z,DEV_SYNTHETIC,BLOCKED,BLOCKED,INELIGIBLE_DEV,MODEL_PLUS,"[""HARD_BLOCK:SIMULATED_CLOCK"", ""HARD_BLOCK:SYNTHETIC_SOURCE""]","[""HARD_BLOCK:SYNTHETIC_SOURCE"", ""HARD_BLOCK:SIMULATED_CLOCK""]",[]
P:6a1b81d97be8eb595030,2025020706,2025020706:ML:AWAY,synthbook,2026-01-20T22:20:00Z,DEV_SYNTHETIC,BLOCKED,BLOCKED,INELIGIBLE_DEV,PASS,"[""HARD_BLOCK:SIMULATED_CLOCK"", ""HARD_BLOCK:SYNTHETIC_SOURCE""]","[""HARD_BLOCK:SYNTHETIC_SOURCE"", ""HARD_BLOCK:SIMULATED_CLOCK""]",[]
P:66b8a9de8a3d9e9a5fc6,2025020706,2025020706:PUCK_LINE:HOME:-1.5,synthbook,2026-01-20T22:20:00Z,DEV_SYNTHETIC,BLOCKED,BLOCKED,INELIGIBLE_DEV,PASS,"[""HARD_BLOCK:SIMULATED_CLOCK"", ""HARD_BLOCK:SYNTHETIC_SOURCE""]","[""HARD_BLOCK:SYNTHETIC_SOURCE"", ""HARD_BLOCK:SIMULATED_CLOCK""]",[]
P:77803d16d3d3bd32d8e0,2025020706,2025020706:PUCK_LINE:AWAY:+1.5,synthbook,2026-01-20T22:20:00Z,DEV_SYNTHETIC,BLOCKED,BLOCKED,INELIGIBLE_DEV,PASS,"[""HARD_BLOCK:SIMULATED_CLOCK"", ""HARD_BLOCK:SYNTHETIC_SOURCE""]","[""HARD_BLOCK:SYNTHETIC_SOURCE"", ""HARD_BLOCK:SIMULATED_CLOCK""]",[]
P:a65f1560d3db34b94162,2025020706,2025020706:REG_3WAY:HOME,synthbook,2026-01-20T22:20:00Z,DEV_SYNTHETIC,BLOCKED,BLOCKED,INELIGIBLE_DEV,WATCH,"[""HARD_BLOCK:SIMULATED_CLOCK"", ""HARD_BLOCK:SYNTHETIC_SOURCE""]","[""HARD_BLOCK:SYNTHETIC_SOURCE"", ""HARD_BLOCK:SIMULATED_CLOCK""]",[]
P:e3ae0f4b80c427de90b0,2025020706,2025020706:REG_3WAY:DRAW,synthbook,2026-01-20T22:20:00Z,DEV_SYNTHETIC,BLOCKED,BLOCKED,INELIGIBLE_DEV,PASS,"[""HARD_BLOCK:SIMULATED_CLOCK"", ""HARD_BLOCK:SYNTHETIC_SOURCE""]","[""HARD_BLOCK:SYNTHETIC_SOURCE"", ""HARD_BLOCK:SIMULATED_CLOCK""]",[]
P:7a0db65134a8b13d6ed0,2025020706,2025020706:REG_3WAY:AWAY,synthbook,2026-01-20T22:20:00Z,DEV_SYNTHETIC,BLOCKED,BLOCKED,INELIGIBLE_DEV,PASS,"[""HARD_BLOCK:SIMULATED_CLOCK"", ""HARD_BLOCK:SYNTHETIC_SOURCE""]","[""HARD_BLOCK:SYNTHETIC_SOURCE"", ""HARD_BLOCK:SIMULATED_CLOCK""]",[]
P:9290340f5ba315bb99dc,2025020706,2025020706:TEAM_TOTAL:DET:OVER:+2.5,synthbook,2026-01-20T22:20:00Z,DEV_SYNTHETIC,BLOCKED,BLOCKED,INELIGIBLE_DEV,WATCH,"[""HARD_BLOCK:SIMULATED_CLOCK"", ""HARD_BLOCK:SYNTHETIC_SOURCE""]","[""HARD_BLOCK:SYNTHETIC_SOURCE"", ""HARD_BLOCK:SIMULATED_CLOCK""]",[]
P:154362c2b09b0d5ae85f,2025020706,2025020706:TEAM_TOTAL:DET:UNDER:+2.5,synthbook,2026-01-20T22:20:00Z,DEV_SYNTHETIC,BLOCKED,BLOCKED,INELIGIBLE_DEV,PASS,"[""HARD_BLOCK:SIMULATED_CLOCK"", ""HARD_BLOCK:SYNTHETIC_SOURCE""]","[""HARD_BLOCK:SYNTHETIC_SOURCE"", ""HARD_BLOCK:SIMULATED_CLOCK""]",[]
P:d94993a0453cd9a9fe5b,2025020706,2025020706:TEAM_TOTAL:WSH:OVER:+2.5,synthbook,2026-01-20T22:20:00Z,DEV_SYNTHETIC,BLOCKED,BLOCKED,INELIGIBLE_DEV,PASS,"[""HARD_BLOCK:SIMULATED_CLOCK"", ""HARD_BLOCK:SYNTHETIC_SOURCE""]","[""HARD_BLOCK:SYNTHETIC_SOURCE"", ""HARD_BLOCK:SIMULATED_CLOCK""]",[]
P:f4093ab39d04fc4d75f1,2025020706,2025020706:TEAM_TOTAL:WSH:UNDER:+2.5,synthbook,2026-01-20T22:20:00Z,DEV_SYNTHETIC,BLOCKED,BLOCKED,INELIGIBLE_DEV,PASS,"[""HARD_BLOCK:SIMULATED_CLOCK"", ""HARD_BLOCK:SYNTHETIC_SOURCE""]","[""HARD_BLOCK:SYNTHETIC_SOURCE"", ""HARD_BLOCK:SIMULATED_CLOCK""]",[]
P:8a324037e565980500ed,2025020706,2025020706:TOTAL:OVER:+6.5,synthbook,2026-01-20T22:20:00Z,DEV_SYNTHETIC,BLOCKED,BLOCKED,INELIGIBLE_DEV,WATCH,"[""HARD_BLOCK:SIMULATED_CLOCK"", ""HARD_BLOCK:SYNTHETIC_SOURCE""]","[""HARD_BLOCK:SYNTHETIC_SOURCE"", ""HARD_BLOCK:SIMULATED_CLOCK""]",[]
P:048d8c2dc2987d5cd506,2025020706,2025020706:TOTAL:UNDER:+6.5,synthbook,2026-01-20T22:20:00Z,DEV_SYNTHETIC,BLOCKED,BLOCKED,INELIGIBLE_DEV,PASS,"[""HARD_BLOCK:SIMULATED_CLOCK"", ""HARD_BLOCK:SYNTHETIC_SOURCE""]","[""HARD_BLOCK:SYNTHETIC_SOURCE"", ""HARD_BLOCK:SIMULATED_CLOCK""]",[]
