prediction_id,game_id,market,selection,line,team,sportsbook,evidence_lane,status,eligibility,execution_price,settlement,outcome,profit_units,probability_edge,ev_per_unit
P:03275cc26bc756d3f709,2025020704,ML,HOME,,,synthbook,DEV_SYNTHETIC,BLOCKED,INELIGIBLE_DEV,109,SETTLED,LOSS,-1.0,0.049892,0.060692
P:044a325849b6ba28d548,2025020702,TOTAL,UNDER,6.5,,synthbook,DEV_SYNTHETIC,BLOCKED,INELIGIBLE_DEV,-132,SETTLED,LOSS,-1.0,-0.05226,-0.135057
P:048d8c2dc2987d5cd506,2025020706,TOTAL,UNDER,6.5,,synthbook,DEV_SYNTHETIC,BLOCKED,INELIGIBLE_DEV,-144,SETTLED,WIN,0.69444444,-0.021801,-0.079736
P:058097a992d39a79ca70,2025020706,TEAM_TOTAL,UNDER,2.5,DET,synthbook,DEV_SYNTHETIC,BLOCKED,INELIGIBLE_DEV,177,SETTLED,LOSS,-1.0,0.002593,-0.035471
P:06728801aa79076997da,2025020702,TEAM_TOTAL,OVER,2.5,COL,synthbook,DEV_SYNTHETIC,BLOCKED,INELIGIBLE_DEV,-247,SETTLED,WIN,0.4048583,-0.0194,-0.070452
P:06b580f7696e9c7c56b4,2025020706,TOTAL,OVER,6.5,,synthbook,DEV_SYNTHETIC,BLOCKED,INELIGIBLE_DEV,-115,SETTLED,LOSS,-1.0,-0.040738,-0.118939
P:06ea20789082df18e802,2025020702,PUCK_LINE,AWAY,1.5,,synthbook,DEV_SYNTHETIC,BLOCKED,INELIGIBLE_DEV,-301,SETTLED,WIN,0.33222591,0.001522,-0.040797
P:0ac775dbb50b4fcceb20,2025020706,PUCK_LINE,HOME,-1.5,,synthbook,DEV_SYNTHETIC,BLOCKED,INELIGIBLE_DEV,211,SETTLED,WIN,2.11,-0.010918,-0.077294
P:0c408f9d59c56e0f0ead,2025020704,TOTAL,OVER,6.5,,synthbook,DEV_SYNTHETIC,BLOCKED,INELIGIBLE_DEV,139,SETTLED,WIN,1.39,0.046806,0.068552
P:0d4c86f1e3cc304b25f7,2025020702,TEAM_TOTAL,OVER,2.5,COL,synthbook,DEV_SYNTHETIC,BLOCKED,INELIGIBLE_DEV,-247,SETTLED,WIN,0.4048583,-0.03994,-0.099309
P:0f715baaa70f5cbd1d06,2025020706,ML,AWAY,,,synthbook,DEV_SYNTHETIC,BLOCKED,INELIGIBLE_DEV,-120,SETTLED,LOSS,-1.0,-0.073166,-0.177616
P:0fa88b0e6324429bc4ff,2025020705,REG_3WAY,AWAY,,,synthbook,DEV_SYNTHETIC,BLOCKED,INELIGIBLE_DEV,139,SETTLED,LOSS,-1.0,-0.016514,-0.087706
P:0fee43d5b51fd60ee2b7,2025020706,PUCK_LINE,AWAY,1.5,,synthbook,DEV_SYNTHETIC,BLOCKED,INELIGIBLE_DEV,-262,SETTLED,LOSS,-1.0,0.010918,-0.028251
P:1272905c5e29443dc254,2025020702,REG_3WAY,AWAY,,,synthbook,DEV_SYNTHETIC,BLOCKED,INELIGIBLE_DEV,145,SETTLED,WIN,1.45,-0.006711,-0.064125
P:1343d5b7bc34d757c550,2025020703,PUCK_LINE,AWAY,1.5,,synthbook,DEV_SYNTHETIC,BLOCKED,INELIGIBLE_DEV,-276,SETTLED,WIN,0.36231884,-0.042673,-0.100832
P:154362c2b09b0d5ae85f,2025020706,TEAM_TOTAL,UNDER,2.5,DET,synthbook,DEV_SYNTHETIC,BLOCKED,INELIGIBLE_DEV,152,SETTLED,LOSS,-1.0,-0.031708,-0.122704
P:15844fddf743a9e9bcea,2025020704,PUCK_LINE,HOME,-1.5,,synthbook,DEV_SYNTHETIC,BLOCKED,INELIGIBLE_DEV,216,SETTLED,LOSS,-1.0,-0.031293,-0.141689
P:15ccd874d0b35cfe312f,2025020704,PUCK_LINE,AWAY,1.5,,synthbook,DEV_SYNTHETIC,BLOCKED,INELIGIBLE_DEV,-268,SETTLED,WIN,0.37313433,0.031293,0.000167
P:1a58676ccdaf2476d83e,2025020705,ML,AWAY,,,synthbook,DEV_SYNTHETIC,BLOCKED,INELIGIBLE_DEV,-112,SETTLED,LOSS,-1.0,-0.026923,-0.094215
P:1b0e338a2c5806a6db09,2025020705,TEAM_TOTAL,OVER,2.5,NSH,synthbook,DEV_SYNTHETIC,BLOCKED,INELIGIBLE_DEV,-148,SETTLED,WIN,0.67567568,0.041563,0.026396
P:1b9784fedb1333d845f3,2025020703,ML,HOME,,,synthbook,DEV_SYNTHETIC,BLOCKED,INELIGIBLE_DEV,-111,SETTLED,WIN,0.9009009,0.076222,0.101557
P:1b98aa8a1d145859ddc0,2025020704,TEAM_TOTAL,UNDER,2.5,SJS,synthbook,DEV_SYNTHETIC,BLOCKED,INELIGIBLE_DEV,136,SETTLED,LOSS,-1.0,-0.021647,-0.094095
P:22d864cdd2e3edef321f,2025020706,TOTAL,UNDER,6.5,,synthbook,DEV_SYNTHETIC,BLOCKED,INELIGIBLE_DEV,-104,SETTLED,WIN,0.96153846,0.05511,0.065325
P:23a70e80fc4c42c09331,2025020702,TEAM_TOTAL,OVER,2.5,OTT,synthbook,DEV_SYNTHETIC,BLOCKED,INELIGIBLE_DEV,-213,SETTLED,WIN,0.46948357,0.011755,-0.026222
P:2542d2fc96d1d2b77273,2025020704,TEAM_TOTAL,UNDER,2.5,WPG,synthbook,DEV_SYNTHETIC,BLOCKED,INELIGIBLE_DEV,168,SETTLED,LOSS,-1.0,0.026869,0.028704
P:25b89d5879fa61acd83f,2025020706,REG_3WAY,DRAW,,,synthbook,DEV_SYNTHETIC,BLOCKED,INELIGIBLE_DEV,380,SETTLED,LOSS,-1.0,0.025705,0.074911
P:25f1dab5651f1f1e1ea0,2025020703,TEAM_TOTAL,UNDER,2.5,CGY,synthbook,DEV_SYNTHETIC,BLOCKED,INELIGIBLE_DEV,155,SETTLED,LOSS,-1.0,0.052304,0.090373
P:295766fae22f719912a8,2025020702,TOTAL,OVER,6.5,,synthbook,DEV_SYNTHETIC,BLOCKED,INELIGIBLE_DEV,110,SETTLED,WIN,1.1,0.066933,0.097353
P:2992b19b49d41efd3d0f,2025020705,PUCK_LINE,AWAY,-1.5,,synthbook,DEV_SYNTHETIC,BLOCKED,INELIGIBLE_DEV,233,SETTLED,LOSS,-1.0,-0.023754,-0.121748
P:2996169ddbb7e7fcbed3,2025020705,REG_3WAY,AWAY,,,synthbook,DEV_SYNTHETIC,BLOCKED,INELIGIBLE_DEV,139,SETTLED,LOSS,-1.0,-0.016751,-0.087706
P:2e24a2a31068cfa47903,2025020704,REG_3WAY,DRAW,,,synthbook,DEV_SYNTHETIC,BLOCKED,INELIGIBLE_DEV,347,SETTLED,LOSS,-1.0,0.010194,-0.002516
P:2ebefe32fff0bc4bf921,2025020704,TEAM_TOTAL,UNDER,2.5,WPG,synthbook,DEV_SYNTHETIC,BLOCKED,INELIGIBLE_DEV,157,SETTLED,LOSS,-1.0,0.01166,-0.013519
P:33804d18a4161753c67f,2025020703,PUCK_LINE,HOME,-1.5,,synthbook,DEV_SYNTHETIC,BLOCKED,INELIGIBLE_DEV,222,SETTLED,LOSS,-1.0,0.042673,0.094711
P:34b2f1bcb55435ee1cd7,2025020705,REG_3WAY,HOME,,,synthbook,DEV_SYNTHETIC,BLOCKED,INELIGIBLE_DEV,143,SETTLED,WIN,1.43,0.007732,-0.02945
P:36c4131d8262d0665b79,2025020704,ML,HOME,,,synthbook,DEV_SYNTHETIC,BLOCKED,INELIGIBLE_DEV,104,SETTLED,LOSS,-1.0,0.037867,0.035317
P:3bb9181b71eb833c7cdf,2025020705,ML,AWAY,,,synthbook,DEV_SYNTHETIC,BLOCKED,INELIGIBLE_DEV,-129,SETTLED,LOSS,-1.0,-0.055783,-0.141251
P:3cc6bed8bdc7dfd5f66c,2025020706,TEAM_TOTAL,UNDER,2.5,WSH,synthbook,DEV_SYNTHETIC,BLOCKED,INELIGIBLE_DEV,140,SETTLED,WIN,1.4,0.002476,-0.037046
P:3d6e197ff9c1a12ad5ca,2025020705,TEAM_TOTAL,OVER,2.5,BUF,synthbook,DEV_SYNTHETIC,BLOCKED,INELIGIBLE_DEV,-150,SETTLED,LOSS,-1.0,0.013985,-0.02106
P:3dc1239e019edbf31f50,2025020703,ML,AWAY,,,synthbook,DEV_SYNTHETIC,BLOCKED,INELIGIBLE_DEV,122,SETTLED,LOSS,-1.0,-0.016302,-0.079794
P:3e22d7d90495a24c8109,2025020705,REG_3WAY,AWAY,,,synthbook,DEV_SYNTHETIC,BLOCKED,INELIGIBLE_DEV,139,SETTLED,LOSS,-1.0,-0.020567,-0.097393
P:3ef7727e858cbe044851,2025020705,REG_3WAY,HOME,,,synthbook,DEV_SYNTHETIC,BLOCKED,INELIGIBLE_DEV,179,SETTLED,WIN,1.79,0.058067,0.114335
P:401cbe289b3e94c7801a,2025020705,TEAM_TOTAL,UNDER,2.5,BUF,synthbook,DEV_SYNTHETIC,BLOCKED,INELIGIBLE_DEV,160,SETTLED,WIN,1.6,0.044261,0.072494
P:4123fdc9ac0a34595946,2025020705,REG_3WAY,DRAW,,,synthbook,DEV_SYNTHETIC,BLOCKED,INELIGIBLE_DEV,266,SETTLED,LOSS,-1.0,-0.041316,-0.198886
P:434d2536ee6bd9fb42f9,2025020706,REG_3WAY,DRAW,,,synthbook,DEV_SYNTHETIC,BLOCKED,INELIGIBLE_DEV,306,SETTLED,LOSS,-1.0,-0.011546,-0.094308
P:4455e4f4b56b81a63362,2025020703,REG_3WAY,DRAW,,,synthbook,DEV_SYNTHETIC,BLOCKED,INELIGIBLE_DEV,267,SETTLED,WIN,2.67,-0.038251,-0.188584
P:44f2bfcfa9d460e0fbf3,2025020703,ML,AWAY,,,synthbook,DEV_SYNTHETIC,BLOCKED,INELIGIBLE_DEV,-108,SETTLED,LOSS,-1.0,-0.076222,-0.190133
P:46814fa39aa0cba89907,2025020705,TOTAL,UNDER,6.5,,synthbook,DEV_SYNTHETIC,BLOCKED,INELIGIBLE_DEV,-162,SETTLED,LOSS,-1.0,-0.028382,-0.087912
P:47e704d0edd2ca9fb9d6,2025020705,TEAM_TOTAL,UNDER,2.5,NSH,synthbook,DEV_SYNTHETIC,BLOCKED,INELIGIBLE_DEV,130,SETTLED,LOSS,-1.0,-0.028317,-0.108812
P:49098499b9edd1a4e5b9,2025020702,TOTAL,UNDER,6.5,,synthbook,DEV_SYNTHETIC,BLOCKED,INELIGIBLE_DEV,-132,SETTLED,LOSS,-1.0,-0.066933,-0.160844
P:497b7d312cdcb9b438d0,2025020706,TEAM_TOTAL,UNDER,2.5,DET,synthbook,DEV_SYNTHETIC,BLOCKED,INELIGIBLE_DEV,177,SETTLED,LOSS,-1.0,0.002521,-0.035671
P:4aacae45eb3b7ea8a6ee,2025020705,TEAM_TOTAL,UNDER,2.5,NSH,synthbook,DEV_SYNTHETIC,BLOCKED,INELIGIBLE_DEV,130,SETTLED,LOSS,-1.0,-0.034992,-0.124163
P:4dc754fdf44d6a7a5060,2025020706,ML,HOME,,,synthbook,DEV_SYNTHETIC,BLOCKED,INELIGIBLE_DEV,-125,SETTLED,WIN,0.8,0.003561,-0.03734
P:4e1fc20fc99eef236f59,2025020702,TEAM_TOTAL,UNDER,2.5,COL,synthbook,DEV_SYNTHETIC,BLOCKED,INELIGIBLE_DEV,200,SETTLED,LOSS,-1.0,0.03994,0.076623
P:4ffe25cd908fd9397cb6,2025020702,REG_3WAY,HOME,,,synthbook,DEV_SYNTHETIC,BLOCKED,INELIGIBLE_DEV,165,SETTLED,LOSS,-1.0,0.020331,0.006194
P:51e819c918f85a09cb18,2025020704,PUCK_LINE,HOME,-1.5,,synthbook,DEV_SYNTHETIC,BLOCKED,INELIGIBLE_DEV,210,SETTLED,LOSS,-1.0,-0.036903,-0.157986
P:534f2dd68a27978cb683,2025020705,PUCK_LINE,HOME,1.5,,synthbook,DEV_SYNTHETIC,BLOCKED,INELIGIBLE_DEV,-344,SETTLED,WIN,0.29069767,-0.001071,-0.044485
P:53ec09267da496be3172,2025020706,ML,HOME,,,synthbook,DEV_SYNTHETIC,BLOCKED,INELIGIBLE_DEV,105,SETTLED,WIN,1.05,0.083894,0.130425
P:53fee8c3f8f712887359,2025020704,REG_3WAY,AWAY,,,synthbook,DEV_SYNTHETIC,BLOCKED,INELIGIBLE_DEV,147,SETTLED,WIN,1.47,-0.002083,-0.053229
P:55562820c3b984d63942,2025020706,TOTAL,UNDER,6.5,,synthbook,DEV_SYNTHETIC,BLOCKED,INELIGIBLE_DEV,-125,SETTLED,WIN,0.8,0.000594,-0.040489
P:55cad92a9a36a781c09a,2025020703,TOTAL,OVER,6.5,,synthbook,DEV_SYNTHETIC,BLOCKED,INELIGIBLE_DEV,-103,SETTLED,WIN,0.97087379,-0.029651,-0.102927
P:57e5514d3f91b2768033,2025020706,REG_3WAY,AWAY,,,synthbook,DEV_SYNTHETIC,BLOCKED,INELIGIBLE_DEV,177,SETTLED,LOSS,-1.0,0.006687,-0.02891
P:58419ade3fc95e401d1f,2025020705,TEAM_TOTAL,UNDER,2.5,NSH,synthbook,DEV_SYNTHETIC,BLOCKED,INELIGIBLE_DEV,135,SETTLED,LOSS,-1.0,-0.02629,-0.105123
P:584318f1afaa276f770c,2025020705,REG_3WAY,DRAW,,,synthbook,DEV_SYNTHETIC,BLOCKED,INELIGIBLE_DEV,353,SETTLED,LOSS,-1.0,0.007376,-0.014825
P:58616ea3c8331a12d4d8,2025020704,TEAM_TOTAL,UNDER,2.5,SJS,synthbook,DEV_SYNTHETIC,BLOCKED,INELIGIBLE_DEV,151,SETTLED,LOSS,-1.0,0.002626,-0.036516
P:58b3ec2d2aa488b21b8c,2025020705,TEAM_TOTAL,UNDER,2.5,BUF,synthbook,DEV_SYNTHETIC,BLOCKED,INELIGIBLE_DEV,115,SETTLED,WIN,1.15,-0.032473,-0.112832
P:59651cd02103aeec7947,2025020706,PUCK_LINE,HOME,-1.5,,synthbook,DEV_SYNTHETIC,BLOCKED,INELIGIBLE_DEV,211,SETTLED,WIN,2.11,-0.000622,-0.045271
P:59d9aa59acb8436ceb42,2025020702,REG_3WAY,DRAW,,,synthbook,DEV_SYNTHETIC,BLOCKED,INELIGIBLE_DEV,278,SETTLED,LOSS,-1.0,-0.015635,-0.106784
P:5a215223daa4b1357713,2025020702,REG_3WAY,HOME,,,synthbook,DEV_SYNTHETIC,BLOCKED,INELIGIBLE_DEV,149,SETTLED,LOSS,-1.0,-0.003042,-0.054557
P:5a53c5d4e436a858ca31,2025020705,ML,HOME,,,synthbook,DEV_SYNTHETIC,BLOCKED,INELIGIBLE_DEV,108,SETTLED,WIN,1.08,0.055783,0.073801
P:5a89de4f097584d9eb4d,2025020705,ML,HOME,,,synthbook,DEV_SYNTHETIC,BLOCKED,INELIGIBLE_DEV,-107,SETTLED,WIN,0.93457944,0.026923,0.00883
P:5a8cc27f41012ff87ec0,2025020703,TEAM_TOTAL,OVER,2.5,CGY,synthbook,DEV_SYNTHETIC,BLOCKED,INELIGIBLE_DEV,-181,SETTLED,WIN,0.55248619,-0.054498,-0.12687
P:5c2aa2ed23876e5da03a,2025020702,PUCK_LINE,AWAY,1.5,,synthbook,DEV_SYNTHETIC,BLOCKED,INELIGIBLE_DEV,-300,SETTLED,WIN,0.33333333,0.02016,-0.016169
P:5e7b73c717ad210fd582,2025020706,TOTAL,OVER,6.5,,synthbook,DEV_SYNTHETIC,BLOCKED,INELIGIBLE_DEV,-115,SETTLED,LOSS,-1.0,-0.05511,-0.145808
P:5eb01ec3a0453f636a8a,2025020702,ML,AWAY,,,synthbook,DEV_SYNTHETIC,BLOCKED,INELIGIBLE_DEV,-119,SETTLED,WIN,0.84033613,-0.010972,-0.064047
P:607fadf65104bb48da64,2025020704,TEAM_TOTAL,OVER,2.5,SJS,synthbook,DEV_SYNTHETIC,BLOCKED,INELIGIBLE_DEV,-183,SETTLED,WIN,0.54644809,-0.002626,-0.047169
P:60ddbc5976569e6456ce,2025020704,TOTAL,OVER,6.5,,synthbook,DEV_SYNTHETIC,BLOCKED,INELIGIBLE_DEV,167,SETTLED,WIN,1.67,0.088517,0.193738
P:61a4bb6be1061d2921a5,2025020702,TEAM_TOTAL,UNDER,2.5,OTT,synthbook,DEV_SYNTHETIC,BLOCKED,INELIGIBLE_DEV,126,SETTLED,LOSS,-1.0,-0.084866,-0.234009
P:61c4b7e1b2e330d05a20,2025020706,TEAM_TOTAL,OVER,2.5,DET,synthbook,DEV_SYNTHETIC,BLOCKED,INELIGIBLE_DEV,-216,SETTLED,WIN,0.46296296,-0.002521,-0.046343
P:644cf79a2b7a5c2cd8d5,2025020706,TOTAL,UNDER,6.5,,synthbook,DEV_SYNTHETIC,BLOCKED,INELIGIBLE_DEV,-104,SETTLED,WIN,0.96153846,0.040738,0.037134
P:66b8a9de8a3d9e9a5fc6,2025020706,PUCK_LINE,HOME,-1.5,,synthbook,DEV_SYNTHETIC,BLOCKED,INELIGIBLE_DEV,198,SETTLED,WIN,1.98,-0.014172,-0.08518
P:69e01e59ab482081ea89,2025020702,TEAM_TOTAL,OVER,2.5,OTT,synthbook,DEV_SYNTHETIC,BLOCKED,INELIGIBLE_DEV,-213,SETTLED,WIN,0.46948357,0.010155,-0.028574
P:6a1b81d97be8eb595030,2025020706,ML,AWAY,,,synthbook,DEV_SYNTHETIC,BLOCKED,INELIGIBLE_DEV,-125,SETTLED,LOSS,-1.0,-0.083894,-0.192568
P:6beef77c910c9283adb8,2025020706,TEAM_TOTAL,OVER,2.5,DET,synthbook,DEV_SYNTHETIC,BLOCKED,INELIGIBLE_DEV,-169,SETTLED,WIN,0.59171598,0.045128,0.028842
P:6d62079acfefe0ee53fd,2025020706,ML,AWAY,,,synthbook,DEV_SYNTHETIC,BLOCKED,INELIGIBLE_DEV,104,SETTLED,LOSS,-1.0,-0.003561,-0.051015
P:6f42ac71d43d0c9528ca,2025020702,ML,AWAY,,,synthbook,DEV_SYNTHETIC,BLOCKED,INELIGIBLE_DEV,112,SETTLED,WIN,1.12,0.05691,0.078184
P:716863a3efa72726947c,2025020702,TEAM_TOTAL,UNDER,2.5,OTT,synthbook,DEV_SYNTHETIC,BLOCKED,INELIGIBLE_DEV,174,SETTLED,LOSS,-1.0,-0.010155,-0.071321
P:71c22f64c91b1d876a25,2025020705,TEAM_TOTAL,UNDER,2.5,NSH,synthbook,DEV_SYNTHETIC,BLOCKED,INELIGIBLE_DEV,123,SETTLED,LOSS,-1.0,-0.041563,-0.135935
P:769a53b1dcab93392e30,2025020704,TOTAL,UNDER,6.5,,synthbook,DEV_SYNTHETIC,BLOCKED,INELIGIBLE_DEV,-168,SETTLED,LOSS,-1.0,-0.046806,-0.117981
P:76e6adfc2dbe0c800194,2025020702,TEAM_TOTAL,OVER,2.5,COL,synthbook,DEV_SYNTHETIC,BLOCKED,INELIGIBLE_DEV,-109,SETTLED,WIN,0.91743119,0.142216,0.229315
P:77803d16d3d3bd32d8e0,2025020706,PUCK_LINE,AWAY,1.5,,synthbook,DEV_SYNTHETIC,BLOCKED,INELIGIBLE_DEV,-244,SETTLED,LOSS,-1.0,0.014172,-0.022965
P:7799717ec62b0a14b19d,2025020703,ML,HOME,,,synthbook,DEV_SYNTHETIC,BLOCKED,INELIGIBLE_DEV,-147,SETTLED,WIN,0.68027211,0.016302,-0.016212
P:79cba72d0ca35c654145,2025020704,TEAM_TOTAL,OVER,2.5,WPG,synthbook,DEV_SYNTHETIC,BLOCKED,INELIGIBLE_DEV,-205,SETTLED,WIN,0.48780488,-0.026869,-0.083281
P:7a0db65134a8b13d6ed0,2025020706,REG_3WAY,AWAY,,,synthbook,DEV_SYNTHETIC,BLOCKED,INELIGIBLE_DEV,172,SETTLED,LOSS,-1.0,-0.012939,-0.082816
P:7a65ee645541c727d7a9,2025020706,REG_3WAY,DRAW,,,synthbook,DEV_SYNTHETIC,BLOCKED,INELIGIBLE_DEV,306,SETTLED,LOSS,-1.0,-0.009009,-0.08401
P:7ba8839786e1eb6aafe0,2025020702,PUCK_LINE,HOME,-1.5,,synthbook,DEV_SYNTHETIC,BLOCKED,INELIGIBLE_DEV,240,SETTLED,LOSS,-1.0,-0.001522,-0.048
P:7be9acdf95a97b8faa01,2025020705,TOTAL,UNDER,6.5,,synthbook,DEV_SYNTHETIC,BLOCKED,INELIGIBLE_DEV,-143,SETTLED,LOSS,-1.0,0.00088,-0.041657
P:7da2a7c2f475add8fc51,2025020704,TEAM_TOTAL,OVER,2.5,WPG,synthbook,DEV_SYNTHETIC,BLOCKED,INELIGIBLE_DEV,-191,SETTLED,WIN,0.52356021,-0.01166,-0.06125
P:7db46ba8cff24dbb1f30,2025020706,TEAM_TOTAL,OVER,2.5,WSH,synthbook,DEV_SYNTHETIC,BLOCKED,INELIGIBLE_DEV,-169,SETTLED,LOSS,-1.0,-0.022125,-0.078205
P:7ec95d8a4c67eea3107d,2025020705,ML,HOME,,,synthbook,DEV_SYNTHETIC,BLOCKED,INELIGIBLE_DEV,106,SETTLED,WIN,1.06,0.052534,0.063476
P:7fe3ca7fbe98712188db,2025020703,TOTAL,OVER,6.5,,synthbook,DEV_SYNTHETIC,BLOCKED,INELIGIBLE_DEV,128,SETTLED,WIN,1.28,0.041632,0.053383
P:802df23b9d4db5c33b22,2025020704,REG_3WAY,HOME,,,synthbook,DEV_SYNTHETIC,BLOCKED,INELIGIBLE_DEV,124,SETTLED,LOSS,-1.0,-0.031649,-0.118468
P:8108127ba6754d7bfb2b,2025020704,ML,AWAY,,,synthbook,DEV_SYNTHETIC,BLOCKED,INELIGIBLE_DEV,-124,SETTLED,WIN,0.80645161,-0.037867,-0.110337
P:82045adee0279717279a,2025020705,TOTAL,UNDER,6.5,,synthbook,DEV_SYNTHETIC,BLOCKED,INELIGIBLE_DEV,-143,SETTLED,LOSS,-1.0,-0.004567,-0.050913
P:833c6a3d98d5bda13619,2025020702,TEAM_TOTAL,UNDER,2.5,OTT,synthbook,DEV_SYNTHETIC,BLOCKED,INELIGIBLE_DEV,174,SETTLED,LOSS,-1.0,-0.011755,-0.075707
P:8459fc2fce4acf7bd326,2025020706,ML,HOME,,,synthbook,DEV_SYNTHETIC,BLOCKED,INELIGIBLE_DEV,100,SETTLED,WIN,1.0,0.060663,0.077848
P:85133784be19618f4bff,2025020702,TEAM_TOTAL,UNDER,2.5,COL,synthbook,DEV_SYNTHETIC,BLOCKED,INELIGIBLE_DEV,200,SETTLED,LOSS,-1.0,0.0194,0.015
P:8608eb260876e906ba56,2025020705,TEAM_TOTAL,OVER,2.5,NSH,synthbook,DEV_SYNTHETIC,BLOCKED,INELIGIBLE_DEV,-157,SETTLED,WIN,0.63694268,0.028317,0.002671
P:86e25df62b680afb141d,2025020706,TEAM_TOTAL,UNDER,2.5,DET,synthbook,DEV_SYNTHETIC,BLOCKED,INELIGIBLE_DEV,140,SETTLED,LOSS,-1.0,-0.045128,-0.151295
P:8759b7d2c1d43e65e999,2025020706,REG_3WAY,AWAY,,,synthbook,DEV_SYNTHETIC,BLOCKED,INELIGIBLE_DEV,122,SETTLED,LOSS,-1.0,-0.074567,-0.214011
P:8a324037e565980500ed,2025020706,TOTAL,OVER,6.5,,synthbook,DEV_SYNTHETIC,BLOCKED,INELIGIBLE_DEV,120,SETTLED,LOSS,-1.0,0.021801,0.005165
P:8a65a8f012709a81e7c6,2025020705,REG_3WAY,HOME,,,synthbook,DEV_SYNTHETIC,BLOCKED,INELIGIBLE_DEV,134,SETTLED,WIN,1.34,-0.00213,-0.052622
P:8ad7ad1f672e5cf1339c,2025020705,TOTAL,OVER,6.5,,synthbook,DEV_SYNTHETIC,BLOCKED,INELIGIBLE_DEV,119,SETTLED,WIN,1.19,-0.00088,-0.045079
P:8cb9ca9966185df34c75,2025020703,TEAM_TOTAL,UNDER,2.5,EDM,synthbook,DEV_SYNTHETIC,BLOCKED,INELIGIBLE_DEV,185,SETTLED,LOSS,-1.0,-0.014624,-0.084803
P:8d3795ed85283bc81b8b,2025020706,REG_3WAY,HOME,,,synthbook,DEV_SYNTHETIC,BLOCKED,INELIGIBLE_DEV,126,SETTLED,WIN,1.26,0.004859,-0.036451
P:8e1c2def4350f0c3b987,2025020706,TEAM_TOTAL,UNDER,2.5,WSH,synthbook,DEV_SYNTHETIC,BLOCKED,INELIGIBLE_DEV,140,SETTLED,WIN,1.4,0.022125,0.010112
P:8efbd57968cfbbbaadf3,2025020705,REG_3WAY,HOME,,,synthbook,DEV_SYNTHETIC,BLOCKED,INELIGIBLE_DEV,143,SETTLED,WIN,1.43,0.013191,-0.016185
P:8f177f79b1148c9d33c8,2025020702,REG_3WAY,DRAW,,,synthbook,DEV_SYNTHETIC,BLOCKED,INELIGIBLE_DEV,278,SETTLED,LOSS,-1.0,-0.013621,-0.099172
P:91698b54c564813e695b,2025020705,REG_3WAY,DRAW,,,synthbook,DEV_SYNTHETIC,BLOCKED,INELIGIBLE_DEV,353,SETTLED,LOSS,-1.0,0.008782,-0.008457
P:9290340f5ba315bb99dc,2025020706,TEAM_TOTAL,OVER,2.5,DET,synthbook,DEV_SYNTHETIC,BLOCKED,INELIGIBLE_DEV,-184,SETTLED,WIN,0.54347826,0.031708,0.006142
P:97f4655abc92207b2d39,2025020702,PUCK_LINE,HOME,-1.5,,synthbook,DEV_SYNTHETIC,BLOCKED,INELIGIBLE_DEV,239,SETTLED,LOSS,-1.0,-0.02016,-0.11139
P:98ba10904beed0bc3f90,2025020705,PUCK_LINE,HOME,1.5,,synthbook,DEV_SYNTHETIC,BLOCKED,INELIGIBLE_DEV,-354,SETTLED,WIN,0.28248588,-0.005859,-0.050565
P:99f06aa8e25f76ca5135,2025020702,TEAM_TOTAL,UNDER,2.5,COL,synthbook,DEV_SYNTHETIC,BLOCKED,INELIGIBLE_DEV,-110,SETTLED,LOSS,-1.0,-0.142216,-0.314876
P:9f4aa1e5d116f6890b51,2025020705,TEAM_TOTAL,UNDER,2.5,BUF,synthbook,DEV_SYNTHETIC,BLOCKED,INELIGIBLE_DEV,124,SETTLED,WIN,1.24,-0.014124,-0.076005
P:a0d3a3b37519c3b383c1,2025020702,REG_3WAY,DRAW,,,synthbook,DEV_SYNTHETIC,BLOCKED,INELIGIBLE_DEV,278,SETTLED,LOSS,-1.0,-0.013807,-0.099172
P:a121ef3c9919ed355c4c,2025020704,TEAM_TOTAL,OVER,2.5,SJS,synthbook,DEV_SYNTHETIC,BLOCKED,INELIGIBLE_DEV,-164,SETTLED,WIN,0.6097561,0.021647,-0.008162
P:a18b1bc7e5580302150c,2025020704,REG_3WAY,DRAW,,,synthbook,DEV_SYNTHETIC,BLOCKED,INELIGIBLE_DEV,308,SETTLED,LOSS,-1.0,-0.010287,-0.089545
P:a28e99df7d7be6865be1,2025020702,REG_3WAY,HOME,,,synthbook,DEV_SYNTHETIC,BLOCKED,INELIGIBLE_DEV,165,SETTLED,LOSS,-1.0,0.040485,0.059602
P:a306722fe16afdbfac41,2025020704,REG_3WAY,AWAY,,,synthbook,DEV_SYNTHETIC,BLOCKED,INELIGIBLE_DEV,179,SETTLED,WIN,1.79,0.041937,0.06943
P:a483366460d0cfcc7d2f,2025020706,REG_3WAY,HOME,,,synthbook,DEV_SYNTHETIC,BLOCKED,INELIGIBLE_DEV,126,SETTLED,WIN,1.26,0.015697,-0.011958
P:a4908ca00e944548241f,2025020703,REG_3WAY,HOME,,,synthbook,DEV_SYNTHETIC,BLOCKED,INELIGIBLE_DEV,102,SETTLED,LOSS,-1.0,-0.007691,-0.062627
P:a4d39eca1d7a36f619ca,2025020705,TEAM_TOTAL,OVER,2.5,NSH,synthbook,DEV_SYNTHETIC,BLOCKED,INELIGIBLE_DEV,-157,SETTLED,WIN,0.63694268,0.034992,0.013597
P:a6140efce6e5d70ee0b4,2025020705,TEAM_TOTAL,UNDER,2.5,BUF,synthbook,DEV_SYNTHETIC,BLOCKED,INELIGIBLE_DEV,124,SETTLED,WIN,1.24,-0.013985,-0.075695
P:a65f1560d3db34b94162,2025020706,REG_3WAY,HOME,,,synthbook,DEV_SYNTHETIC,BLOCKED,INELIGIBLE_DEV,137,SETTLED,WIN,1.37,0.03534,0.036132
P:a75883330ee84342a584,2025020706,ML,HOME,,,synthbook,DEV_SYNTHETIC,BLOCKED,INELIGIBLE_DEV,100,SETTLED,WIN,1.0,0.073166,0.102853
P:a9547618c67909c613e4,2025020704,REG_3WAY,HOME,,,synthbook,DEV_SYNTHETIC,BLOCKED,INELIGIBLE_DEV,137,SETTLED,LOSS,-1.0,-0.008111,-0.067308
P:ab86b41c8c2e58549d96,2025020706,TOTAL,OVER,6.5,,synthbook,DEV_SYNTHETIC,BLOCKED,INELIGIBLE_DEV,105,SETTLED,LOSS,-1.0,-0.000594,-0.042776
P:abe6a032cb5744fdb197,2025020702,TOTAL,OVER,6.5,,synthbook,DEV_SYNTHETIC,BLOCKED,INELIGIBLE_DEV,110,SETTLED,WIN,1.1,0.05226,0.066542
P:aeaec1bc610c5f49d748,2025020705,TEAM_TOTAL,OVER,2.5,BUF,synthbook,DEV_SYNTHETIC,BLOCKED,INELIGIBLE_DEV,-150,SETTLED,LOSS,-1.0,0.014124,-0.020829
P:aedaad2ceddaa2f74481,2025020706,ML,AWAY,,,synthbook,DEV_SYNTHETIC,BLOCKED,INELIGIBLE_DEV,-120,SETTLED,LOSS,-1.0,-0.060663,-0.154694
P:b1d9ee54cd59935f664a,2025020706,PUCK_LINE,AWAY,1.5,,synthbook,DEV_SYNTHETIC,BLOCKED,INELIGIBLE_DEV,-381,SETTLED,LOSS,-1.0,-0.050296,-0.106216
P:b26b4c793a3e9fcdbfa4,2025020705,ML,AWAY,,,synthbook,DEV_SYNTHETIC,BLOCKED,INELIGIBLE_DEV,-128,SETTLED,LOSS,-1.0,-0.052534,-0.138322
P:b6d49823b42844b83263,2025020704,PUCK_LINE,AWAY,1.5,,synthbook,DEV_SYNTHETIC,BLOCKED,INELIGIBLE_DEV,-261,SETTLED,WIN,0.38314176,0.036903,0.007456
P:b70d808dc2d3cdb74465,2025020705,PUCK_LINE,AWAY,-1.5,,synthbook,DEV_SYNTHETIC,BLOCKED,INELIGIBLE_DEV,277,SETTLED,LOSS,-1.0,0.009907,-0.005703
P:ba36dc88d5faa5095fc4,2025020705,TOTAL,OVER,6.5,,synthbook,DEV_SYNTHETIC,BLOCKED,INELIGIBLE_DEV,119,SETTLED,WIN,1.19,0.004567,-0.033151
P:ba385ffbaa611c06688e,2025020706,REG_3WAY,AWAY,,,synthbook,DEV_SYNTHETIC,BLOCKED,INELIGIBLE_DEV,177,SETTLED,LOSS,-1.0,-0.006687,-0.065956
P:bac11407e101e8e2c577,2025020705,TEAM_TOTAL,OVER,2.5,NSH,synthbook,DEV_SYNTHETIC,BLOCKED,INELIGIBLE_DEV,-163,SETTLED,WIN,0.61349693,0.02629,-0.000921
P:bb84d9f73604d3934bea,2025020703,REG_3WAY,AWAY,,,synthbook,DEV_SYNTHETIC,BLOCKED,INELIGIBLE_DEV,232,SETTLED,LOSS,-1.0,0.02482,0.03531
P:bd8e85f451944c950c1a,2025020706,TEAM_TOTAL,OVER,2.5,DET,synthbook,DEV_SYNTHETIC,BLOCKED,INELIGIBLE_DEV,-216,SETTLED,WIN,0.46296296,-0.002593,-0.046449
P:be62e3f49cecea088013,2025020705,ML,HOME,,,synthbook,DEV_SYNTHETIC,BLOCKED,INELIGIBLE_DEV,106,SETTLED,WIN,1.06,0.057756,0.074233
P:c08043c4e95c58e4aa58,2025020705,PUCK_LINE,AWAY,-1.5,,synthbook,DEV_SYNTHETIC,BLOCKED,INELIGIBLE_DEV,270,SETTLED,LOSS,-1.0,0.001071,-0.039142
P:c24e067d4204aa9c8117,2025020702,ML,HOME,,,synthbook,DEV_SYNTHETIC,BLOCKED,INELIGIBLE_DEV,-101,SETTLED,LOSS,-1.0,0.010972,-0.02202
P:c3213416e2cacf277f3e,2025020705,REG_3WAY,DRAW,,,synthbook,DEV_SYNTHETIC,BLOCKED,INELIGIBLE_DEV,303,SETTLED,LOSS,-1.0,-0.01884,-0.123564
P:c4a6407b1391993e8fee,2025020703,TOTAL,UNDER,6.5,,synthbook,DEV_SYNTHETIC,BLOCKED,INELIGIBLE_DEV,-117,SETTLED,LOSS,-1.0,0.029651,0.010506
P:c52a3ebc9db2c13e0bb4,2025020706,TEAM_TOTAL,OVER,2.5,WSH,synthbook,DEV_SYNTHETIC,BLOCKED,INELIGIBLE_DEV,-147,SETTLED,LOSS,-1.0,0.029821,0.006504
P:c6b63ee9b8dd0afe9406,2025020705,PUCK_LINE,HOME,1.5,,synthbook,DEV_SYNTHETIC,BLOCKED,INELIGIBLE_DEV,-354,SETTLED,WIN,0.28248588,-0.009907,-0.055756
P:c855d73d5951575b2e61,2025020702,TOTAL,UNDER,6.5,,synthbook,DEV_SYNTHETIC,BLOCKED,INELIGIBLE_DEV,-150,SETTLED,LOSS,-1.0,-0.082345,-0.179795
P:c9c72d2f1bd4658e4367,2025020703,TEAM_TOTAL,UNDER,2.5,CGY,synthbook,DEV_SYNTHETIC,BLOCKED,INELIGIBLE_DEV,150,SETTLED,LOSS,-1.0,0.054498,0.093981
P:cb63861a6fdfd5a92d1a,2025020702,ML,HOME,,,synthbook,DEV_SYNTHETIC,BLOCKED,INELIGIBLE_DEV,-134,SETTLED,LOSS,-1.0,-0.05691,-0.141844
P:cc0baba112683a4cba6a,2025020705,TOTAL,OVER,6.5,,synthbook,DEV_SYNTHETIC,BLOCKED,INELIGIBLE_DEV,-103,SETTLED,WIN,0.97087379,-0.043333,-0.129892
P:ceea80ef278b769f6c4f,2025020705,TOTAL,OVER,6.5,,synthbook,DEV_SYNTHETIC,BLOCKED,INELIGIBLE_DEV,135,SETTLED,WIN,1.35,0.028382,0.024687
P:d0296c78244a65f92d8a,2025020703,PUCK_LINE,HOME,-1.5,,synthbook,DEV_SYNTHETIC,BLOCKED,INELIGIBLE_DEV,284,SETTLED,LOSS,-1.0,0.095997,0.325658
P:d077a9b2c6fc3c62f943,2025020703,REG_3WAY,AWAY,,,synthbook,DEV_SYNTHETIC,BLOCKED,INELIGIBLE_DEV,211,SETTLED,LOSS,-1.0,0.001202,-0.044465
P:d1114485d73d209efae4,2025020704,ML,AWAY,,,synthbook,DEV_SYNTHETIC,BLOCKED,INELIGIBLE_DEV,-131,SETTLED,WIN,0.76335878,-0.049892,-0.13156
P:d420b7471ee39b763dc3,2025020705,TEAM_TOTAL,OVER,2.5,BUF,synthbook,DEV_SYNTHETIC,BLOCKED,INELIGIBLE_DEV,-194,SETTLED,LOSS,-1.0,-0.044261,-0.109661
P:d75cbedc90d30086e3ca,2025020702,REG_3WAY,AWAY,,,synthbook,DEV_SYNTHETIC,BLOCKED,INELIGIBLE_DEV,145,SETTLED,WIN,1.45,-0.024851,-0.108568
P:d94993a0453cd9a9fe5b,2025020706,TEAM_TOTAL,OVER,2.5,WSH,synthbook,DEV_SYNTHETIC,BLOCKED,INELIGIBLE_DEV,-156,SETTLED,LOSS,-1.0,-0.003425,-0.049649
P:da8611f4acf841b16001,2025020702,REG_3WAY,AWAY,,,synthbook,DEV_SYNTHETIC,BLOCKED,INELIGIBLE_DEV,161,SETTLED,WIN,1.61,0.016849,-0.003007
P:dd383f81aba21138e101,2025020702,ML,AWAY,,,synthbook,DEV_SYNTHETIC,BLOCKED,INELIGIBLE_DEV,-119,SETTLED,WIN,0.84033613,-0.031366,-0.101579
P:deaa9d632f25c4af2a32,2025020706,PUCK_LINE,HOME,-1.5,,synthbook,DEV_SYNTHETIC,BLOCKED,INELIGIBLE_DEV,296,SETTLED,WIN,2.96,0.050296,0.156455
P:e251ec3f847130e2338a,2025020702,ML,HOME,,,synthbook,DEV_SYNTHETIC,BLOCKED,INELIGIBLE_DEV,-101,SETTLED,LOSS,-1.0,0.031366,0.018566
P:e3ae0f4b80c427de90b0,2025020706,REG_3WAY,DRAW,,,synthbook,DEV_SYNTHETIC,BLOCKED,INELIGIBLE_DEV,284,SETTLED,LOSS,-1.0,-0.022401,-0.133645
P:e5eb7cb96ad7d3bf3eb7,2025020703,TEAM_TOTAL,UNDER,2.5,EDM,synthbook,DEV_SYNTHETIC,BLOCKED,INELIGIBLE_DEV,206,SETTLED,LOSS,-1.0,0.008242,-0.017941
P:e66190c34c556fa0d5eb,2025020704,TOTAL,UNDER,6.5,,synthbook,DEV_SYNTHETIC,BLOCKED,INELIGIBLE_DEV,-203,SETTLED,LOSS,-1.0,-0.088517,-0.174725
P:e7823b30561567211f45,2025020702,TOTAL,OVER,6.5,,synthbook,DEV_SYNTHETIC,BLOCKED,INELIGIBLE_DEV,125,SETTLED,WIN,1.25,0.082345,0.142724
P:e7bf257a61d4f941e2a9,2025020705,TOTAL,UNDER,6.5,,synthbook,DEV_SYNTHETIC,BLOCKED,INELIGIBLE_DEV,-117,SETTLED,LOSS,-1.0,0.043333,0.035881
P:e8e54289a142315c9094,2025020705,PUCK_LINE,HOME,1.5,,synthbook,DEV_SYNTHETIC,BLOCKED,INELIGIBLE_DEV,-291,SETTLED,WIN,0.34364261,0.023754,-0.010729
P:ef0afa2fd56f2ba0a907,2025020706,PUCK_LINE,AWAY,1.5,,synthbook,DEV_SYNTHETIC,BLOCKED,INELIGIBLE_DEV,-262,SETTLED,LOSS,-1.0,0.000622,-0.042478
P:ef242f6c30822b0fe124,2025020705,PUCK_LINE,AWAY,-1.5,,synthbook,DEV_SYNTHETIC,BLOCKED,INELIGIBLE_DEV,277,SETTLED,LOSS,-1.0,0.005859,-0.020964
P:ef26b51dce02a9d0d882,2025020703,TOTAL,UNDER,6.5,,synthbook,DEV_SYNTHETIC,BLOCKED,INELIGIBLE_DEV,-153,SETTLED,LOSS,-1.0,-0.041632,-0.110382
P:f0929f0a8fc04725a726,2025020705,TEAM_TOTAL,OVER,2.5,BUF,synthbook,DEV_SYNTHETIC,BLOCKED,INELIGIBLE_DEV,-138,SETTLED,LOSS,-1.0,0.032473,0.01299
P:f104f2d660bc60453d0e,2025020705,REG_3WAY,AWAY,,,synthbook,DEV_SYNTHETIC,BLOCKED,INELIGIBLE_DEV,167,SETTLED,LOSS,-1.0,0.02097,0.008352
P:f12185d71d815eb22a56,2025020703,REG_3WAY,HOME,,,synthbook,DEV_SYNTHETIC,BLOCKED,INELIGIBLE_DEV,119,SETTLED,LOSS,-1.0,0.037049,0.032935
P:f23e2ebc8ccb96c15899,2025020706,TEAM_TOTAL,UNDER,2.5,WSH,synthbook,DEV_SYNTHETIC,BLOCKED,INELIGIBLE_DEV,122,SETTLED,WIN,1.22,-0.029821,-0.109807
P:f34aef3d82612428560a,2025020703,TEAM_TOTAL,OVER,2.5,EDM,synthbook,DEV_SYNTHETIC,BLOCKED,INELIGIBLE_DEV,-227,SETTLED,WIN,0.44052863,0.014624,-0.022056
P:f350130a1f6b82537d9a,2025020703,PUCK_LINE,AWAY,1.5,,synthbook,DEV_SYNTHETIC,BLOCKED,INELIGIBLE_DEV,-364,SETTLED,WIN,0.27472527,-0.095997,-0.16534
P:f4093ab39d04fc4d75f1,2025020706,TEAM_TOTAL,UNDER,2.5,WSH,synthbook,DEV_SYNTHETIC,BLOCKED,INELIGIBLE_DEV,129,SETTLED,WIN,1.29,0.003425,-0.036185
P:f4c9f5f23f59be298a61,2025020703,TEAM_TOTAL,OVER,2.5,CGY,synthbook,DEV_SYNTHETIC,BLOCKED,INELIGIBLE_DEV,-188,SETTLED,WIN,0.53191489,-0.052304,-0.123128
P:f5916bf59198c1c6a4ff,2025020703,REG_3WAY,DRAW,,,synthbook,DEV_SYNTHETIC,BLOCKED,INELIGIBLE_DEV,295,SETTLED,WIN,2.95,-0.017129,-0.114752
P:f64838291270943d5460,2025020706,TEAM_TOTAL,OVER,2.5,WSH,synthbook,DEV_SYNTHETIC,BLOCKED,INELIGIBLE_DEV,-169,SETTLED,LOSS,-1.0,-0.002476,-0.046929
P:f7b0554cfdb3c527b850,2025020706,REG_3WAY,HOME,,,synthbook,DEV_SYNTHETIC,BLOCKED,INELIGIBLE_DEV,155,SETTLED,WIN,1.55,0.048863,0.076128
P:f7fe1071deb632afe2a4,2025020702,PUCK_LINE,HOME,-1.5,,synthbook,DEV_SYNTHETIC,BLOCKED,INELIGIBLE_DEV,240,SETTLED,LOSS,-1.0,-0.019395,-0.108769
P:fb034dbcc6db3009ebdc,2025020705,ML,AWAY,,,synthbook,DEV_SYNTHETIC,BLOCKED,INELIGIBLE_DEV,-128,SETTLED,LOSS,-1.0,-0.057756,-0.147623
P:fb33148503ec1e549192,2025020702,PUCK_LINE,AWAY,1.5,,synthbook,DEV_SYNTHETIC,BLOCKED,INELIGIBLE_DEV,-301,SETTLED,WIN,0.33222591,0.019395,-0.016986
P:fcee04f8d0c243d8ab14,2025020703,TEAM_TOTAL,OVER,2.5,EDM,synthbook,DEV_SYNTHETIC,BLOCKED,INELIGIBLE_DEV,-255,SETTLED,WIN,0.39215686,-0.008242,-0.054634
P:fdccb90dc86c38d03fcf,2025020702,TEAM_TOTAL,OVER,2.5,OTT,synthbook,DEV_SYNTHETIC,BLOCKED,INELIGIBLE_DEV,-151,SETTLED,WIN,0.66225166,0.084866,0.098858
