prediction_id,created_at,as_of,puck_drop,mode,data_origin,game_id,market,selection,line,team,market_key,sportsbook,market_price,market_observed_at,no_vig_probability,model_probability,model_p_win,model_p_push,fair_price,edge,ev_per_unit,goalie_state,lineup_state,model_version,feature_version,config_hash,data_snapshot_id,health_score,status,shadow_lane,reason_codes
P:5ed3da144d89a1c98515,2026-09-25T19:55:48Z,2026-01-20T22:00:00Z,2026-01-20T23:00:00Z,BACKTEST,SYNTHETIC,2025020705,ML,AWAY,,,2025020705:ML:AWAY,synthbook,-112,2026-01-20T22:00:00Z,0.50545,0.47896,0.47896,0.0,109,-0.026491,-0.093397,HOME:UNKNOWN(8470610@0.717)|AWAY:CONFIRMED(8470582@0.985),UNKNOWN,nhl-gs-0.1.0,nhl-feat-0.1.0,9f87c6de4d6f,DS:c7a54576395bcce6,0.9674,BLOCKED,PASS,"[""HARD_BLOCK:SYNTHETIC_SOURCE""]"
P:9579e4f8f57384a572c5,2026-09-25T19:55:48Z,2026-01-20T22:00:00Z,2026-01-20T23:00:00Z,BACKTEST,SYNTHETIC,2025020705,ML,HOME,,,2025020705:ML:HOME,synthbook,-107,2026-01-20T22:00:00Z,0.49455,0.52104,0.52104,0.0,-109,0.026491,0.007993,HOME:UNKNOWN(8470610@0.717)|AWAY:CONFIRMED(8470582@0.985),UNKNOWN,nhl-gs-0.1.0,nhl-feat-0.1.0,9f87c6de4d6f,DS:c7a54576395bcce6,0.9674,BLOCKED,WATCH,"[""HARD_BLOCK:SYNTHETIC_SOURCE""]"
P:9e7a2c24db977fab8d52,2026-09-25T19:55:48Z,2026-01-20T22:00:00Z,2026-01-20T23:00:00Z,BACKTEST,SYNTHETIC,2025020705,PUCK_LINE,AWAY,-1.5,,2025020705:PUCK_LINE:AWAY:-1.5,synthbook,270,2026-01-20T22:00:00Z,0.258621,0.247476,0.247476,0.0,304,-0.011145,-0.08434,HOME:UNKNOWN(8470610@0.717)|AWAY:CONFIRMED(8470582@0.985),UNKNOWN,nhl-gs-0.1.0,nhl-feat-0.1.0,9f87c6de4d6f,DS:c7a54576395bcce6,0.9674,BLOCKED,PASS,"[""HARD_BLOCK:SYNTHETIC_SOURCE""]"
P:a67f52ea3b146da2d763,2026-09-25T19:55:48Z,2026-01-20T22:00:00Z,2026-01-20T23:00:00Z,BACKTEST,SYNTHETIC,2025020705,PUCK_LINE,HOME,1.5,,2025020705:PUCK_LINE:HOME:+1.5,synthbook,-344,2026-01-20T22:00:00Z,0.741379,0.752524,0.752524,0.0,-304,0.011145,-0.028719,HOME:UNKNOWN(8470610@0.717)|AWAY:CONFIRMED(8470582@0.985),UNKNOWN,nhl-gs-0.1.0,nhl-feat-0.1.0,9f87c6de4d6f,DS:c7a54576395bcce6,0.9674,BLOCKED,PASS,"[""HARD_BLOCK:SYNTHETIC_SOURCE""]"
P:4f25043a20633a3747d1,2026-09-25T19:55:48Z,2026-01-20T22:00:00Z,2026-01-20T23:00:00Z,BACKTEST,SYNTHETIC,2025020705,REG_3WAY,AWAY,,,2025020705:REG_3WAY:AWAY,synthbook,167,2026-01-20T22:00:00Z,0.35669,0.365512,0.365512,0.0,174,0.008822,-0.024083,HOME:UNKNOWN(8470610@0.717)|AWAY:CONFIRMED(8470582@0.985),UNKNOWN,nhl-gs-0.1.0,nhl-feat-0.1.0,9f87c6de4d6f,DS:c7a54576395bcce6,0.9674,BLOCKED,PASS,"[""HARD_BLOCK:SYNTHETIC_SOURCE""]"
P:f9ec4ccdeed969a82026,2026-09-25T19:55:48Z,2026-01-20T22:00:00Z,2026-01-20T23:00:00Z,BACKTEST,SYNTHETIC,2025020705,REG_3WAY,DRAW,,,2025020705:REG_3WAY:DRAW,synthbook,303,2026-01-20T22:00:00Z,0.236318,0.230049,0.230049,0.0,335,-0.006269,-0.072903,HOME:UNKNOWN(8470610@0.717)|AWAY:CONFIRMED(8470582@0.985),UNKNOWN,nhl-gs-0.1.0,nhl-feat-0.1.0,9f87c6de4d6f,DS:c7a54576395bcce6,0.9674,BLOCKED,PASS,"[""HARD_BLOCK:SYNTHETIC_SOURCE""]"
P:aefae7d0bfce346e0948,2026-09-25T19:55:48Z,2026-01-20T22:00:00Z,2026-01-20T23:00:00Z,BACKTEST,SYNTHETIC,2025020705,REG_3WAY,HOME,,,2025020705:REG_3WAY:HOME,synthbook,134,2026-01-20T22:00:00Z,0.406992,0.404439,0.404439,0.0,147,-0.002553,-0.053612,HOME:UNKNOWN(8470610@0.717)|AWAY:CONFIRMED(8470582@0.985),UNKNOWN,nhl-gs-0.1.0,nhl-feat-0.1.0,9f87c6de4d6f,DS:c7a54576395bcce6,0.9674,BLOCKED,PASS,"[""HARD_BLOCK:SYNTHETIC_SOURCE""]"
P:eec8f1c2bfef5c081003,2026-09-25T19:55:48Z,2026-01-20T22:00:00Z,2026-01-20T23:00:00Z,BACKTEST,SYNTHETIC,2025020705,TEAM_TOTAL,OVER,2.5,BUF,2025020705:TEAM_TOTAL:BUF:OVER:+2.5,synthbook,-194,2026-01-20T22:00:00Z,0.631764,0.593683,0.593683,0.0,-146,-0.038081,-0.100295,HOME:UNKNOWN(8470610@0.717)|AWAY:CONFIRMED(8470582@0.985),UNKNOWN,nhl-gs-0.1.0,nhl-feat-0.1.0,9f87c6de4d6f,DS:c7a54576395bcce6,0.9674,BLOCKED,PASS,"[""HARD_BLOCK:SYNTHETIC_SOURCE""]"
P:50120121aef3dff28dbd,2026-09-25T19:55:48Z,2026-01-20T22:00:00Z,2026-01-20T23:00:00Z,BACKTEST,SYNTHETIC,2025020705,TEAM_TOTAL,UNDER,2.5,BUF,2025020705:TEAM_TOTAL:BUF:UNDER:+2.5,synthbook,160,2026-01-20T22:00:00Z,0.368236,0.406317,0.406317,0.0,146,0.038081,0.056424,HOME:UNKNOWN(8470610@0.717)|AWAY:CONFIRMED(8470582@0.985),UNKNOWN,nhl-gs-0.1.0,nhl-feat-0.1.0,9f87c6de4d6f,DS:c7a54576395bcce6,0.9674,BLOCKED,WATCH,"[""HARD_BLOCK:SYNTHETIC_SOURCE""]"
P:2e6993beaf420de824a3,2026-09-25T19:55:48Z,2026-01-20T22:00:00Z,2026-01-20T23:00:00Z,BACKTEST,SYNTHETIC,2025020705,TEAM_TOTAL,OVER,2.5,NSH,2025020705:TEAM_TOTAL:NSH:OVER:+2.5,synthbook,-163,2026-01-20T22:00:00Z,0.592911,0.623701,0.623701,0.0,-166,0.030791,0.00634,HOME:UNKNOWN(8470610@0.717)|AWAY:CONFIRMED(8470582@0.985),UNKNOWN,nhl-gs-0.1.0,nhl-feat-0.1.0,9f87c6de4d6f,DS:c7a54576395bcce6,0.9674,BLOCKED,WATCH,"[""HARD_BLOCK:SYNTHETIC_SOURCE""]"
P:7ca4cbf5e3f00ba0553b,2026-09-25T19:55:48Z,2026-01-20T22:00:00Z,2026-01-20T23:00:00Z,BACKTEST,SYNTHETIC,2025020705,TEAM_TOTAL,UNDER,2.5,NSH,2025020705:TEAM_TOTAL:NSH:UNDER:+2.5,synthbook,135,2026-01-20T22:00:00Z,0.407089,0.376299,0.376299,0.0,166,-0.030791,-0.115698,HOME:UNKNOWN(8470610@0.717)|AWAY:CONFIRMED(8470582@0.985),UNKNOWN,nhl-gs-0.1.0,nhl-feat-0.1.0,9f87c6de4d6f,DS:c7a54576395bcce6,0.9674,BLOCKED,PASS,"[""HARD_BLOCK:SYNTHETIC_SOURCE""]"
P:ec5cf13272a129bb1f82,2026-09-25T19:55:48Z,2026-01-20T22:00:00Z,2026-01-20T23:00:00Z,BACKTEST,SYNTHETIC,2025020705,TOTAL,OVER,6.5,,2025020705:TOTAL:OVER:+6.5,synthbook,-103,2026-01-20T22:00:00Z,0.484816,0.446897,0.446897,0.0,124,-0.037919,-0.119222,HOME:UNKNOWN(8470610@0.717)|AWAY:CONFIRMED(8470582@0.985),UNKNOWN,nhl-gs-0.1.0,nhl-feat-0.1.0,9f87c6de4d6f,DS:c7a54576395bcce6,0.9674,BLOCKED,PASS,"[""HARD_BLOCK:SYNTHETIC_SOURCE""]"
P:1b36e4c62a95d0dc9180,2026-09-25T19:55:48Z,2026-01-20T22:00:00Z,2026-01-20T23:00:00Z,BACKTEST,SYNTHETIC,2025020705,TOTAL,UNDER,6.5,,2025020705:TOTAL:UNDER:+6.5,synthbook,-117,2026-01-20T22:00:00Z,0.515184,0.553103,0.553103,0.0,-124,0.037919,0.02584,HOME:UNKNOWN(8470610@0.717)|AWAY:CONFIRMED(8470582@0.985),UNKNOWN,nhl-gs-0.1.0,nhl-feat-0.1.0,9f87c6de4d6f,DS:c7a54576395bcce6,0.9674,BLOCKED,MODEL_PLUS,"[""HARD_BLOCK:SYNTHETIC_SOURCE""]"
P:d0a8c2c4303a30c79a1c,2026-09-25T19:55:48Z,2026-01-20T22:00:00Z,2026-01-20T23:00:00Z,BACKTEST,SYNTHETIC,2025020706,ML,AWAY,,,2025020706:ML:AWAY,synthbook,-125,2026-01-20T22:00:00Z,0.532468,0.437723,0.437723,0.0,128,-0.094744,-0.212098,HOME:CONFIRMED(8470595@0.985)|AWAY:PROJECTED(8470639@0.880),UNKNOWN,nhl-gs-0.1.0,nhl-feat-0.1.0,9f87c6de4d6f,DS:c7a54576395bcce6,0.9674,BLOCKED,PASS,"[""HARD_BLOCK:SYNTHETIC_SOURCE""]"
P:400cfcc13c514599089f,2026-09-25T19:55:48Z,2026-01-20T22:00:00Z,2026-01-20T23:00:00Z,BACKTEST,SYNTHETIC,2025020706,ML,HOME,,,2025020706:ML:HOME,synthbook,105,2026-01-20T22:00:00Z,0.467532,0.562277,0.562277,0.0,-128,0.094744,0.152667,HOME:CONFIRMED(8470595@0.985)|AWAY:PROJECTED(8470639@0.880),UNKNOWN,nhl-gs-0.1.0,nhl-feat-0.1.0,9f87c6de4d6f,DS:c7a54576395bcce6,0.9674,BLOCKED,MODEL_PLUS,"[""HARD_BLOCK:SYNTHETIC_SOURCE""]"
P:ddb18a06c1c36ecf5f7b,2026-09-25T19:55:48Z,2026-01-20T22:00:00Z,2026-01-20T23:00:00Z,BACKTEST,SYNTHETIC,2025020706,PUCK_LINE,HOME,-1.5,,2025020706:PUCK_LINE:HOME:-1.5,synthbook,198,2026-01-20T22:00:00Z,0.321159,0.318097,0.318097,0.0,214,-0.003062,-0.052072,HOME:CONFIRMED(8470595@0.985)|AWAY:PROJECTED(8470639@0.880),UNKNOWN,nhl-gs-0.1.0,nhl-feat-0.1.0,9f87c6de4d6f,DS:c7a54576395bcce6,0.9674,BLOCKED,PASS,"[""HARD_BLOCK:SYNTHETIC_SOURCE""]"
P:e912dca926985d3b51d9,2026-09-25T19:55:48Z,2026-01-20T22:00:00Z,2026-01-20T23:00:00Z,BACKTEST,SYNTHETIC,2025020706,PUCK_LINE,AWAY,1.5,,2025020706:PUCK_LINE:AWAY:+1.5,synthbook,-244,2026-01-20T22:00:00Z,0.678841,0.681903,0.681903,0.0,-214,0.003062,-0.038628,HOME:CONFIRMED(8470595@0.985)|AWAY:PROJECTED(8470639@0.880),UNKNOWN,nhl-gs-0.1.0,nhl-feat-0.1.0,9f87c6de4d6f,DS:c7a54576395bcce6,0.9674,BLOCKED,PASS,"[""HARD_BLOCK:SYNTHETIC_SOURCE""]"
P:11536d2dd88c2b5d341b,2026-09-25T19:55:48Z,2026-01-20T22:00:00Z,2026-01-20T23:00:00Z,BACKTEST,SYNTHETIC,2025020706,REG_3WAY,AWAY,,,2025020706:REG_3WAY:AWAY,synthbook,172,2026-01-20T22:00:00Z,0.350139,0.331733,0.331733,0.0,201,-0.018405,-0.097685,HOME:CONFIRMED(8470595@0.985)|AWAY:PROJECTED(8470639@0.880),UNKNOWN,nhl-gs-0.1.0,nhl-feat-0.1.0,9f87c6de4d6f,DS:c7a54576395bcce6,0.9674,BLOCKED,PASS,"[""HARD_BLOCK:SYNTHETIC_SOURCE""]"
P:e1353493fe698de499ed,2026-09-25T19:55:48Z,2026-01-20T22:00:00Z,2026-01-20T23:00:00Z,BACKTEST,SYNTHETIC,2025020706,REG_3WAY,DRAW,,,2025020706:REG_3WAY:DRAW,synthbook,284,2026-01-20T22:00:00Z,0.248015,0.224353,0.224353,0.0,346,-0.023661,-0.138483,HOME:CONFIRMED(8470595@0.985)|AWAY:PROJECTED(8470639@0.880),UNKNOWN,nhl-gs-0.1.0,nhl-feat-0.1.0,9f87c6de4d6f,DS:c7a54576395bcce6,0.9674,BLOCKED,PASS,"[""HARD_BLOCK:SYNTHETIC_SOURCE""]"
P:6a6c32e1556535474daa,2026-09-25T19:55:48Z,2026-01-20T22:00:00Z,2026-01-20T23:00:00Z,BACKTEST,SYNTHETIC,2025020706,REG_3WAY,HOME,,,2025020706:REG_3WAY:HOME,synthbook,137,2026-01-20T22:00:00Z,0.401847,0.443913,0.443913,0.0,125,0.042067,0.052075,HOME:CONFIRMED(8470595@0.985)|AWAY:PROJECTED(8470639@0.880),UNKNOWN,nhl-gs-0.1.0,nhl-feat-0.1.0,9f87c6de4d6f,DS:c7a54576395bcce6,0.9674,BLOCKED,MODEL_PLUS,"[""HARD_BLOCK:SYNTHETIC_SOURCE""]"
P:0ee79658911863e57a5e,2026-09-25T19:55:48Z,2026-01-20T22:00:00Z,2026-01-20T23:00:00Z,BACKTEST,SYNTHETIC,2025020706,TEAM_TOTAL,OVER,2.5,DET,2025020706:TEAM_TOTAL:DET:OVER:+2.5,synthbook,-184,2026-01-20T22:00:00Z,0.620158,0.665027,0.665027,0.0,-199,0.044868,0.026454,HOME:CONFIRMED(8470595@0.985)|AWAY:PROJECTED(8470639@0.880),UNKNOWN,nhl-gs-0.1.0,nhl-feat-0.1.0,9f87c6de4d6f,DS:c7a54576395bcce6,0.9674,BLOCKED,WATCH,"[""HARD_BLOCK:SYNTHETIC_SOURCE""]"
P:451157822a8d5ac48e9e,2026-09-25T19:55:48Z,2026-01-20T22:00:00Z,2026-01-20T23:00:00Z,BACKTEST,SYNTHETIC,2025020706,TEAM_TOTAL,UNDER,2.5,DET,2025020706:TEAM_TOTAL:DET:UNDER:+2.5,synthbook,152,2026-01-20T22:00:00Z,0.379842,0.334973,0.334973,0.0,199,-0.044868,-0.155867,HOME:CONFIRMED(8470595@0.985)|AWAY:PROJECTED(8470639@0.880),UNKNOWN,nhl-gs-0.1.0,nhl-feat-0.1.0,9f87c6de4d6f,DS:c7a54576395bcce6,0.9674,BLOCKED,PASS,"[""HARD_BLOCK:SYNTHETIC_SOURCE""]"
P:7342a8da1f1a620a168e,2026-09-25T19:55:48Z,2026-01-20T22:00:00Z,2026-01-20T23:00:00Z,BACKTEST,SYNTHETIC,2025020706,TEAM_TOTAL,OVER,2.5,WSH,2025020706:TEAM_TOTAL:WSH:OVER:+2.5,synthbook,-156,2026-01-20T22:00:00Z,0.582545,0.585663,0.585663,0.0,-141,0.003118,-0.038911,HOME:CONFIRMED(8470595@0.985)|AWAY:PROJECTED(8470639@0.880),UNKNOWN,nhl-gs-0.1.0,nhl-feat-0.1.0,9f87c6de4d6f,DS:c7a54576395bcce6,0.9674,BLOCKED,PASS,"[""HARD_BLOCK:SYNTHETIC_SOURCE""]"
P:0e2228c9f1124924e264,2026-09-25T19:55:48Z,2026-01-20T22:00:00Z,2026-01-20T23:00:00Z,BACKTEST,SYNTHETIC,2025020706,TEAM_TOTAL,UNDER,2.5,WSH,2025020706:TEAM_TOTAL:WSH:UNDER:+2.5,synthbook,129,2026-01-20T22:00:00Z,0.417455,0.414337,0.414337,0.0,141,-0.003118,-0.051169,HOME:CONFIRMED(8470595@0.985)|AWAY:PROJECTED(8470639@0.880),UNKNOWN,nhl-gs-0.1.0,nhl-feat-0.1.0,9f87c6de4d6f,DS:c7a54576395bcce6,0.9674,BLOCKED,PASS,"[""HARD_BLOCK:SYNTHETIC_SOURCE""]"
P:522a94571681badb95bf,2026-09-25T19:55:48Z,2026-01-20T22:00:00Z,2026-01-20T23:00:00Z,BACKTEST,SYNTHETIC,2025020706,TOTAL,OVER,6.5,,2025020706:TOTAL:OVER:+6.5,synthbook,120,2026-01-20T22:00:00Z,0.435093,0.468733,0.468733,0.0,113,0.033641,0.031213,HOME:CONFIRMED(8470595@0.985)|AWAY:PROJECTED(8470639@0.880),UNKNOWN,nhl-gs-0.1.0,nhl-feat-0.1.0,9f87c6de4d6f,DS:c7a54576395bcce6,0.9674,BLOCKED,WATCH,"[""HARD_BLOCK:SYNTHETIC_SOURCE""]"
P:52980a5b500bfb988590,2026-09-25T19:55:48Z,2026-01-20T22:00:00Z,2026-01-20T23:00:00Z,BACKTEST,SYNTHETIC,2025020706,TOTAL,UNDER,6.5,,2025020706:TOTAL:UNDER:+6.5,synthbook,-144,2026-01-20T22:00:00Z,0.564907,0.531267,0.531267,0.0,-113,-0.033641,-0.099798,HOME:CONFIRMED(8470595@0.985)|AWAY:PROJECTED(8470639@0.880),UNKNOWN,nhl-gs-0.1.0,nhl-feat-0.1.0,9f87c6de4d6f,DS:c7a54576395bcce6,0.9674,BLOCKED,PASS,"[""HARD_BLOCK:SYNTHETIC_SOURCE""]"
P:11396cea6be96ea0f355,2026-09-25T19:55:48Z,2026-01-20T22:00:00Z,2026-01-21T02:00:00Z,BACKTEST,SYNTHETIC,2025020702,ML,AWAY,,,2025020702:ML:AWAY,synthbook,-119,2026-01-20T18:00:00Z,0.519549,0.504023,0.504023,0.0,-102,-0.015526,-0.072429,HOME:UNKNOWN(8470591@0.549)|AWAY:UNKNOWN(8470616@0.800),UNKNOWN,nhl-gs-0.1.0,nhl-feat-0.1.0,9f87c6de4d6f,DS:c7a54576395bcce6,0.9674,BLOCKED,PASS,"[""HARD_BLOCK:SYNTHETIC_SOURCE"", ""HARD_BLOCK:STALE_PRICE""]"
P:8daaef7d72f0c8c97841,2026-09-25T19:55:48Z,2026-01-20T22:00:00Z,2026-01-21T02:00:00Z,BACKTEST,SYNTHETIC,2025020702,ML,HOME,,,2025020702:ML:HOME,synthbook,-101,2026-01-20T18:00:00Z,0.480451,0.495977,0.495977,0.0,102,0.015526,-0.012956,HOME:UNKNOWN(8470591@0.549)|AWAY:UNKNOWN(8470616@0.800),UNKNOWN,nhl-gs-0.1.0,nhl-feat-0.1.0,9f87c6de4d6f,DS:c7a54576395bcce6,0.9674,BLOCKED,PASS,"[""HARD_BLOCK:SYNTHETIC_SOURCE"", ""HARD_BLOCK:STALE_PRICE""]"
P:841ddee4d6f218488eb7,2026-09-25T19:55:48Z,2026-01-20T22:00:00Z,2026-01-21T02:00:00Z,BACKTEST,SYNTHETIC,2025020702,PUCK_LINE,HOME,-1.5,,2025020702:PUCK_LINE:HOME:-1.5,synthbook,240,2026-01-20T18:00:00Z,0.281522,0.268833,0.268833,0.0,272,-0.012689,-0.085968,HOME:UNKNOWN(8470591@0.549)|AWAY:UNKNOWN(8470616@0.800),UNKNOWN,nhl-gs-0.1.0,nhl-feat-0.1.0,9f87c6de4d6f,DS:c7a54576395bcce6,0.9674,BLOCKED,PASS,"[""HARD_BLOCK:SYNTHETIC_SOURCE"", ""HARD_BLOCK:STALE_PRICE""]"
P:9c7d55631810cb1c415d,2026-09-25T19:55:48Z,2026-01-20T22:00:00Z,2026-01-21T02:00:00Z,BACKTEST,SYNTHETIC,2025020702,PUCK_LINE,AWAY,1.5,,2025020702:PUCK_LINE:AWAY:+1.5,synthbook,-301,2026-01-20T18:00:00Z,0.718478,0.731167,0.731167,0.0,-272,0.012689,-0.02592,HOME:UNKNOWN(8470591@0.549)|AWAY:UNKNOWN(8470616@0.800),UNKNOWN,nhl-gs-0.1.0,nhl-feat-0.1.0,9f87c6de4d6f,DS:c7a54576395bcce6,0.9674,BLOCKED,PASS,"[""HARD_BLOCK:SYNTHETIC_SOURCE"", ""HARD_BLOCK:STALE_PRICE""]"
P:534e6394b4cbcacd3349,2026-09-25T19:55:48Z,2026-01-20T22:00:00Z,2026-01-21T02:00:00Z,BACKTEST,SYNTHETIC,2025020702,REG_3WAY,AWAY,,,2025020702:REG_3WAY:AWAY,synthbook,145,2026-01-20T18:00:00Z,0.3887,0.389814,0.389814,0.0,157,0.001113,-0.044957,HOME:UNKNOWN(8470591@0.549)|AWAY:UNKNOWN(8470616@0.800),UNKNOWN,nhl-gs-0.1.0,nhl-feat-0.1.0,9f87c6de4d6f,DS:c7a54576395bcce6,0.9674,BLOCKED,PASS,"[""HARD_BLOCK:SYNTHETIC_SOURCE"", ""HARD_BLOCK:STALE_PRICE""]"
P:ce7576b0c9d68c2adcdb,2026-09-25T19:55:48Z,2026-01-20T22:00:00Z,2026-01-21T02:00:00Z,BACKTEST,SYNTHETIC,2025020702,REG_3WAY,DRAW,,,2025020702:REG_3WAY:DRAW,synthbook,278,2026-01-20T18:00:00Z,0.251935,0.224879,0.224879,0.0,345,-0.027056,-0.149957,HOME:UNKNOWN(8470591@0.549)|AWAY:UNKNOWN(8470616@0.800),UNKNOWN,nhl-gs-0.1.0,nhl-feat-0.1.0,9f87c6de4d6f,DS:c7a54576395bcce6,0.9674,BLOCKED,PASS,"[""HARD_BLOCK:SYNTHETIC_SOURCE"", ""HARD_BLOCK:STALE_PRICE""]"
P:8eb1842c3e04e24e71af,2026-09-25T19:55:48Z,2026-01-20T22:00:00Z,2026-01-21T02:00:00Z,BACKTEST,SYNTHETIC,2025020702,REG_3WAY,HOME,,,2025020702:REG_3WAY:HOME,synthbook,165,2026-01-20T18:00:00Z,0.359364,0.385307,0.385307,0.0,160,0.025943,0.021064,HOME:UNKNOWN(8470591@0.549)|AWAY:UNKNOWN(8470616@0.800),UNKNOWN,nhl-gs-0.1.0,nhl-feat-0.1.0,9f87c6de4d6f,DS:c7a54576395bcce6,0.9674,BLOCKED,WATCH,"[""HARD_BLOCK:SYNTHETIC_SOURCE"", ""HARD_BLOCK:STALE_PRICE""]"
P:01c29a3c428a1ad00642,2026-09-25T19:55:48Z,2026-01-20T22:00:00Z,2026-01-21T02:00:00Z,BACKTEST,SYNTHETIC,2025020702,TEAM_TOTAL,OVER,2.5,COL,2025020702:TEAM_TOTAL:COL:OVER:+2.5,synthbook,-247,2026-01-20T18:00:00Z,0.681066,0.642098,0.642098,0.0,-179,-0.038968,-0.097943,HOME:UNKNOWN(8470591@0.549)|AWAY:UNKNOWN(8470616@0.800),UNKNOWN,nhl-gs-0.1.0,nhl-feat-0.1.0,9f87c6de4d6f,DS:c7a54576395bcce6,0.9674,BLOCKED,PASS,"[""HARD_BLOCK:SYNTHETIC_SOURCE"", ""HARD_BLOCK:STALE_PRICE""]"
P:59904bfba17f313130fd,2026-09-25T19:55:48Z,2026-01-20T22:00:00Z,2026-01-21T02:00:00Z,BACKTEST,SYNTHETIC,2025020702,TEAM_TOTAL,UNDER,2.5,COL,2025020702:TEAM_TOTAL:COL:UNDER:+2.5,synthbook,200,2026-01-20T18:00:00Z,0.318934,0.357902,0.357902,0.0,179,0.038968,0.073706,HOME:UNKNOWN(8470591@0.549)|AWAY:UNKNOWN(8470616@0.800),UNKNOWN,nhl-gs-0.1.0,nhl-feat-0.1.0,9f87c6de4d6f,DS:c7a54576395bcce6,0.9674,BLOCKED,WATCH,"[""HARD_BLOCK:SYNTHETIC_SOURCE"", ""HARD_BLOCK:STALE_PRICE""]"
P:20820405d99aa23db04b,2026-09-25T19:55:48Z,2026-01-20T22:00:00Z,2026-01-21T02:00:00Z,BACKTEST,SYNTHETIC,2025020702,TEAM_TOTAL,OVER,2.5,OTT,2025020702:TEAM_TOTAL:OTT:OVER:+2.5,synthbook,-213,2026-01-20T18:00:00Z,0.650911,0.643845,0.643845,0.0,-181,-0.007066,-0.05388,HOME:UNKNOWN(8470591@0.549)|AWAY:UNKNOWN(8470616@0.800),UNKNOWN,nhl-gs-0.1.0,nhl-feat-0.1.0,9f87c6de4d6f,DS:c7a54576395bcce6,0.9674,BLOCKED,PASS,"[""HARD_BLOCK:SYNTHETIC_SOURCE"", ""HARD_BLOCK:STALE_PRICE""]"
P:87d2ae36d1acf832788d,2026-09-25T19:55:48Z,2026-01-20T22:00:00Z,2026-01-21T02:00:00Z,BACKTEST,SYNTHETIC,2025020702,TEAM_TOTAL,UNDER,2.5,OTT,2025020702:TEAM_TOTAL:OTT:UNDER:+2.5,synthbook,174,2026-01-20T18:00:00Z,0.349089,0.356155,0.356155,0.0,181,0.007066,-0.024137,HOME:UNKNOWN(8470591@0.549)|AWAY:UNKNOWN(8470616@0.800),UNKNOWN,nhl-gs-0.1.0,nhl-feat-0.1.0,9f87c6de4d6f,DS:c7a54576395bcce6,0.9674,BLOCKED,PASS,"[""HARD_BLOCK:SYNTHETIC_SOURCE"", ""HARD_BLOCK:STALE_PRICE""]"
P:e079c301b60fe15ab69f,2026-09-25T19:55:48Z,2026-01-20T22:00:00Z,2026-01-21T02:00:00Z,BACKTEST,SYNTHETIC,2025020702,TOTAL,OVER,6.5,,2025020702:TOTAL:OVER:+6.5,synthbook,110,2026-01-20T18:00:00Z,0.455617,0.496174,0.496174,0.0,102,0.040557,0.041965,HOME:UNKNOWN(8470591@0.549)|AWAY:UNKNOWN(8470616@0.800),UNKNOWN,nhl-gs-0.1.0,nhl-feat-0.1.0,9f87c6de4d6f,DS:c7a54576395bcce6,0.9674,BLOCKED,MODEL_PLUS,"[""HARD_BLOCK:SYNTHETIC_SOURCE"", ""HARD_BLOCK:STALE_PRICE""]"
P:5ff7ff553258bdd410a0,2026-09-25T19:55:48Z,2026-01-20T22:00:00Z,2026-01-21T02:00:00Z,BACKTEST,SYNTHETIC,2025020702,TOTAL,UNDER,6.5,,2025020702:TOTAL:UNDER:+6.5,synthbook,-132,2026-01-20T18:00:00Z,0.544383,0.503826,0.503826,0.0,-102,-0.040557,-0.114487,HOME:UNKNOWN(8470591@0.549)|AWAY:UNKNOWN(8470616@0.800),UNKNOWN,nhl-gs-0.1.0,nhl-feat-0.1.0,9f87c6de4d6f,DS:c7a54576395bcce6,0.9674,BLOCKED,PASS,"[""HARD_BLOCK:SYNTHETIC_SOURCE"", ""HARD_BLOCK:STALE_PRICE""]"
P:8471bbd6db0be9796747,2026-09-25T19:55:48Z,2026-01-20T22:00:00Z,2026-01-21T02:00:00Z,BACKTEST,SYNTHETIC,2025020703,ML,AWAY,,,2025020703:ML:AWAY,synthbook,-108,2026-01-20T18:00:00Z,0.49673,0.427285,0.427285,0.0,134,-0.069446,-0.177082,HOME:PROJECTED(8470597@0.880)|AWAY:UNKNOWN(8470588@0.599),UNKNOWN,nhl-gs-0.1.0,nhl-feat-0.1.0,9f87c6de4d6f,DS:c7a54576395bcce6,0.9674,BLOCKED,PASS,"[""HARD_BLOCK:SYNTHETIC_SOURCE"", ""HARD_BLOCK:STALE_PRICE""]"
P:68bf0fdd594d8c61f131,2026-09-25T19:55:48Z,2026-01-20T22:00:00Z,2026-01-21T02:00:00Z,BACKTEST,SYNTHETIC,2025020703,ML,HOME,,,2025020703:ML:HOME,synthbook,-111,2026-01-20T18:00:00Z,0.50327,0.572715,0.572715,0.0,-134,0.069446,0.088675,HOME:PROJECTED(8470597@0.880)|AWAY:UNKNOWN(8470588@0.599),UNKNOWN,nhl-gs-0.1.0,nhl-feat-0.1.0,9f87c6de4d6f,DS:c7a54576395bcce6,0.9674,BLOCKED,MODEL_PLUS,"[""HARD_BLOCK:SYNTHETIC_SOURCE"", ""HARD_BLOCK:STALE_PRICE""]"
P:d084cd473a046fc06472,2026-09-25T19:55:48Z,2026-01-20T22:00:00Z,2026-01-21T02:00:00Z,BACKTEST,SYNTHETIC,2025020703,PUCK_LINE,HOME,-1.5,,2025020703:PUCK_LINE:HOME:-1.5,synthbook,222,2026-01-20T18:00:00Z,0.297299,0.325934,0.325934,0.0,207,0.028635,0.049509,HOME:PROJECTED(8470597@0.880)|AWAY:UNKNOWN(8470588@0.599),UNKNOWN,nhl-gs-0.1.0,nhl-feat-0.1.0,9f87c6de4d6f,DS:c7a54576395bcce6,0.9674,BLOCKED,WATCH,"[""HARD_BLOCK:SYNTHETIC_SOURCE"", ""HARD_BLOCK:STALE_PRICE""]"
P:394e43a70c8f4d2ab4d3,2026-09-25T19:55:48Z,2026-01-20T22:00:00Z,2026-01-21T02:00:00Z,BACKTEST,SYNTHETIC,2025020703,PUCK_LINE,AWAY,1.5,,2025020703:PUCK_LINE:AWAY:+1.5,synthbook,-276,2026-01-20T18:00:00Z,0.702701,0.674066,0.674066,0.0,-207,-0.028635,-0.081708,HOME:PROJECTED(8470597@0.880)|AWAY:UNKNOWN(8470588@0.599),UNKNOWN,nhl-gs-0.1.0,nhl-feat-0.1.0,9f87c6de4d6f,DS:c7a54576395bcce6,0.9674,BLOCKED,PASS,"[""HARD_BLOCK:SYNTHETIC_SOURCE"", ""HARD_BLOCK:STALE_PRICE""]"
P:7b62d061a1a6fd76fd8b,2026-09-25T19:55:48Z,2026-01-20T22:00:00Z,2026-01-21T02:00:00Z,BACKTEST,SYNTHETIC,2025020703,REG_3WAY,AWAY,,,2025020703:REG_3WAY:AWAY,synthbook,232,2026-01-20T18:00:00Z,0.287021,0.3219,0.3219,0.0,211,0.034879,0.068707,HOME:PROJECTED(8470597@0.880)|AWAY:UNKNOWN(8470588@0.599),UNKNOWN,nhl-gs-0.1.0,nhl-feat-0.1.0,9f87c6de4d6f,DS:c7a54576395bcce6,0.9674,BLOCKED,WATCH,"[""HARD_BLOCK:SYNTHETIC_SOURCE"", ""HARD_BLOCK:STALE_PRICE""]"
P:59cfbd83aa257fe15b4e,2026-09-25T19:55:48Z,2026-01-20T22:00:00Z,2026-01-21T02:00:00Z,BACKTEST,SYNTHETIC,2025020703,REG_3WAY,DRAW,,,2025020703:REG_3WAY:DRAW,synthbook,295,2026-01-20T18:00:00Z,0.241243,0.221355,0.221355,0.0,352,-0.019888,-0.125649,HOME:PROJECTED(8470597@0.880)|AWAY:UNKNOWN(8470588@0.599),UNKNOWN,nhl-gs-0.1.0,nhl-feat-0.1.0,9f87c6de4d6f,DS:c7a54576395bcce6,0.9674,BLOCKED,PASS,"[""HARD_BLOCK:SYNTHETIC_SOURCE"", ""HARD_BLOCK:STALE_PRICE""]"
P:6dd0c623540e27a3d485,2026-09-25T19:55:48Z,2026-01-20T22:00:00Z,2026-01-21T02:00:00Z,BACKTEST,SYNTHETIC,2025020703,REG_3WAY,HOME,,,2025020703:REG_3WAY:HOME,synthbook,102,2026-01-20T18:00:00Z,0.471737,0.456746,0.456746,0.0,119,-0.014991,-0.077373,HOME:PROJECTED(8470597@0.880)|AWAY:UNKNOWN(8470588@0.599),UNKNOWN,nhl-gs-0.1.0,nhl-feat-0.1.0,9f87c6de4d6f,DS:c7a54576395bcce6,0.9674,BLOCKED,PASS,"[""HARD_BLOCK:SYNTHETIC_SOURCE"", ""HARD_BLOCK:STALE_PRICE""]"
P:a920b937684a669a4a19,2026-09-25T19:55:48Z,2026-01-20T22:00:00Z,2026-01-21T02:00:00Z,BACKTEST,SYNTHETIC,2025020703,TEAM_TOTAL,OVER,2.5,CGY,2025020703:TEAM_TOTAL:CGY:OVER:+2.5,synthbook,-188,2026-01-20T18:00:00Z,0.624707,0.56795,0.56795,0.0,-131,-0.056757,-0.12995,HOME:PROJECTED(8470597@0.880)|AWAY:UNKNOWN(8470588@0.599),UNKNOWN,nhl-gs-0.1.0,nhl-feat-0.1.0,9f87c6de4d6f,DS:c7a54576395bcce6,0.9674,BLOCKED,PASS,"[""HARD_BLOCK:SYNTHETIC_SOURCE"", ""HARD_BLOCK:STALE_PRICE""]"
P:c2e40829205868d1e603,2026-09-25T19:55:48Z,2026-01-20T22:00:00Z,2026-01-21T02:00:00Z,BACKTEST,SYNTHETIC,2025020703,TEAM_TOTAL,UNDER,2.5,CGY,2025020703:TEAM_TOTAL:CGY:UNDER:+2.5,synthbook,155,2026-01-20T18:00:00Z,0.375293,0.43205,0.43205,0.0,131,0.056757,0.101729,HOME:PROJECTED(8470597@0.880)|AWAY:UNKNOWN(8470588@0.599),UNKNOWN,nhl-gs-0.1.0,nhl-feat-0.1.0,9f87c6de4d6f,DS:c7a54576395bcce6,0.9674,BLOCKED,MODEL_PLUS,"[""HARD_BLOCK:SYNTHETIC_SOURCE"", ""HARD_BLOCK:STALE_PRICE""]"
P:e6d598c511d221e4a124,2026-09-25T19:55:48Z,2026-01-20T22:00:00Z,2026-01-21T02:00:00Z,BACKTEST,SYNTHETIC,2025020703,TEAM_TOTAL,OVER,2.5,EDM,2025020703:TEAM_TOTAL:EDM:OVER:+2.5,synthbook,-227,2026-01-20T18:00:00Z,0.664254,0.663625,0.663625,0.0,-197,-0.000628,-0.044029,HOME:PROJECTED(8470597@0.880)|AWAY:UNKNOWN(8470588@0.599),UNKNOWN,nhl-gs-0.1.0,nhl-feat-0.1.0,9f87c6de4d6f,DS:c7a54576395bcce6,0.9674,BLOCKED,PASS,"[""HARD_BLOCK:SYNTHETIC_SOURCE"", ""HARD_BLOCK:STALE_PRICE""]"
P:c347d9b43351079b4237,2026-09-25T19:55:48Z,2026-01-20T22:00:00Z,2026-01-21T02:00:00Z,BACKTEST,SYNTHETIC,2025020703,TEAM_TOTAL,UNDER,2.5,EDM,2025020703:TEAM_TOTAL:EDM:UNDER:+2.5,synthbook,185,2026-01-20T18:00:00Z,0.335746,0.336375,0.336375,0.0,197,0.000628,-0.041332,HOME:PROJECTED(8470597@0.880)|AWAY:UNKNOWN(8470588@0.599),UNKNOWN,nhl-gs-0.1.0,nhl-feat-0.1.0,9f87c6de4d6f,DS:c7a54576395bcce6,0.9674,BLOCKED,PASS,"[""HARD_BLOCK:SYNTHETIC_SOURCE"", ""HARD_BLOCK:STALE_PRICE""]"
P:a87e86c0eb9ccb6adc5d,2026-09-25T19:55:48Z,2026-01-20T22:00:00Z,2026-01-21T02:00:00Z,BACKTEST,SYNTHETIC,2025020703,TOTAL,OVER,6.5,,2025020703:TOTAL:OVER:+6.5,synthbook,128,2026-01-20T18:00:00Z,0.420378,0.454654,0.454654,0.0,120,0.034277,0.036611,HOME:PROJECTED(8470597@0.880)|AWAY:UNKNOWN(8470588@0.599),UNKNOWN,nhl-gs-0.1.0,nhl-feat-0.1.0,9f87c6de4d6f,DS:c7a54576395bcce6,0.9674,BLOCKED,WATCH,"[""HARD_BLOCK:SYNTHETIC_SOURCE"", ""HARD_BLOCK:STALE_PRICE""]"
P:0ecc344615c302fa4849,2026-09-25T19:55:48Z,2026-01-20T22:00:00Z,2026-01-21T02:00:00Z,BACKTEST,SYNTHETIC,2025020703,TOTAL,UNDER,6.5,,2025020703:TOTAL:UNDER:+6.5,synthbook,-153,2026-01-20T18:00:00Z,0.579622,0.545346,0.545346,0.0,-120,-0.034277,-0.098219,HOME:PROJECTED(8470597@0.880)|AWAY:UNKNOWN(8470588@0.599),UNKNOWN,nhl-gs-0.1.0,nhl-feat-0.1.0,9f87c6de4d6f,DS:c7a54576395bcce6,0.9674,BLOCKED,PASS,"[""HARD_BLOCK:SYNTHETIC_SOURCE"", ""HARD_BLOCK:STALE_PRICE""]"
P:7654d3f22f5ed73bb581,2026-09-25T19:55:48Z,2026-01-20T22:00:00Z,2026-01-21T02:00:00Z,BACKTEST,SYNTHETIC,2025020704,ML,AWAY,,,2025020704:ML:AWAY,synthbook,-124,2026-01-20T18:00:00Z,0.530359,0.500852,0.500852,0.0,-100,-0.029507,-0.095236,HOME:UNKNOWN(8470624@0.549)|AWAY:UNKNOWN(8470637@0.565),UNKNOWN,nhl-gs-0.1.0,nhl-feat-0.1.0,9f87c6de4d6f,DS:c7a54576395bcce6,0.9674,BLOCKED,PASS,"[""HARD_BLOCK:SYNTHETIC_SOURCE"", ""HARD_BLOCK:STALE_PRICE""]"
P:3825b1b7b19fb0d32ed2,2026-09-25T19:55:48Z,2026-01-20T22:00:00Z,2026-01-21T02:00:00Z,BACKTEST,SYNTHETIC,2025020704,ML,HOME,,,2025020704:ML:HOME,synthbook,104,2026-01-20T18:00:00Z,0.469641,0.499148,0.499148,0.0,100,0.029507,0.018262,HOME:UNKNOWN(8470624@0.549)|AWAY:UNKNOWN(8470637@0.565),UNKNOWN,nhl-gs-0.1.0,nhl-feat-0.1.0,9f87c6de4d6f,DS:c7a54576395bcce6,0.9674,BLOCKED,WATCH,"[""HARD_BLOCK:SYNTHETIC_SOURCE"", ""HARD_BLOCK:STALE_PRICE""]"
P:652c352bb10463675280,2026-09-25T19:55:48Z,2026-01-20T22:00:00Z,2026-01-21T02:00:00Z,BACKTEST,SYNTHETIC,2025020704,PUCK_LINE,HOME,-1.5,,2025020704:PUCK_LINE:HOME:-1.5,synthbook,216,2026-01-20T18:00:00Z,0.302911,0.265258,0.265258,0.0,277,-0.037653,-0.161786,HOME:UNKNOWN(8470624@0.549)|AWAY:UNKNOWN(8470637@0.565),UNKNOWN,nhl-gs-0.1.0,nhl-feat-0.1.0,9f87c6de4d6f,DS:c7a54576395bcce6,0.9674,BLOCKED,PASS,"[""HARD_BLOCK:SYNTHETIC_SOURCE"", ""HARD_BLOCK:STALE_PRICE""]"
P:f0c91e9d1335bc938ed5,2026-09-25T19:55:48Z,2026-01-20T22:00:00Z,2026-01-21T02:00:00Z,BACKTEST,SYNTHETIC,2025020704,PUCK_LINE,AWAY,1.5,,2025020704:PUCK_LINE:AWAY:+1.5,synthbook,-268,2026-01-20T18:00:00Z,0.697089,0.734742,0.734742,0.0,-277,0.037653,0.0089,HOME:UNKNOWN(8470624@0.549)|AWAY:UNKNOWN(8470637@0.565),UNKNOWN,nhl-gs-0.1.0,nhl-feat-0.1.0,9f87c6de4d6f,DS:c7a54576395bcce6,0.9674,BLOCKED,WATCH,"[""HARD_BLOCK:SYNTHETIC_SOURCE"", ""HARD_BLOCK:STALE_PRICE""]"
P:46bcbeec450bf91db1d4,2026-09-25T19:55:48Z,2026-01-20T22:00:00Z,2026-01-21T02:00:00Z,BACKTEST,SYNTHETIC,2025020704,REG_3WAY,AWAY,,,2025020704:REG_3WAY:AWAY,synthbook,179,2026-01-20T18:00:00Z,0.341372,0.389759,0.389759,0.0,157,0.048387,0.087428,HOME:UNKNOWN(8470624@0.549)|AWAY:UNKNOWN(8470637@0.565),UNKNOWN,nhl-gs-0.1.0,nhl-feat-0.1.0,9f87c6de4d6f,DS:c7a54576395bcce6,0.9674,BLOCKED,MODEL_PLUS,"[""HARD_BLOCK:SYNTHETIC_SOURCE"", ""HARD_BLOCK:STALE_PRICE""]"
P:6e639214b369bfde5a92,2026-09-25T19:55:48Z,2026-01-20T22:00:00Z,2026-01-21T02:00:00Z,BACKTEST,SYNTHETIC,2025020704,REG_3WAY,DRAW,,,2025020704:REG_3WAY:DRAW,synthbook,308,2026-01-20T18:00:00Z,0.233438,0.224444,0.224444,0.0,346,-0.008994,-0.08427,HOME:UNKNOWN(8470624@0.549)|AWAY:UNKNOWN(8470637@0.565),UNKNOWN,nhl-gs-0.1.0,nhl-feat-0.1.0,9f87c6de4d6f,DS:c7a54576395bcce6,0.9674,BLOCKED,PASS,"[""HARD_BLOCK:SYNTHETIC_SOURCE"", ""HARD_BLOCK:STALE_PRICE""]"
P:d30acc512fba8d61ad3b,2026-09-25T19:55:48Z,2026-01-20T22:00:00Z,2026-01-21T02:00:00Z,BACKTEST,SYNTHETIC,2025020704,REG_3WAY,HOME,,,2025020704:REG_3WAY:HOME,synthbook,124,2026-01-20T18:00:00Z,0.42519,0.385797,0.385797,0.0,159,-0.039393,-0.135814,HOME:UNKNOWN(8470624@0.549)|AWAY:UNKNOWN(8470637@0.565),UNKNOWN,nhl-gs-0.1.0,nhl-feat-0.1.0,9f87c6de4d6f,DS:c7a54576395bcce6,0.9674,BLOCKED,PASS,"[""HARD_BLOCK:SYNTHETIC_SOURCE"", ""HARD_BLOCK:STALE_PRICE""]"
P:0f330485cf89cc783852,2026-09-25T19:55:48Z,2026-01-20T22:00:00Z,2026-01-21T02:00:00Z,BACKTEST,SYNTHETIC,2025020704,TEAM_TOTAL,OVER,2.5,SJS,2025020704:TEAM_TOTAL:SJS:OVER:+2.5,synthbook,-183,2026-01-20T18:00:00Z,0.618768,0.6108,0.6108,0.0,-157,-0.007968,-0.055429,HOME:UNKNOWN(8470624@0.549)|AWAY:UNKNOWN(8470637@0.565),UNKNOWN,nhl-gs-0.1.0,nhl-feat-0.1.0,9f87c6de4d6f,DS:c7a54576395bcce6,0.9674,BLOCKED,PASS,"[""HARD_BLOCK:SYNTHETIC_SOURCE"", ""HARD_BLOCK:STALE_PRICE""]"
P:feacb39402035bf04ff0,2026-09-25T19:55:48Z,2026-01-20T22:00:00Z,2026-01-21T02:00:00Z,BACKTEST,SYNTHETIC,2025020704,TEAM_TOTAL,UNDER,2.5,SJS,2025020704:TEAM_TOTAL:SJS:UNDER:+2.5,synthbook,151,2026-01-20T18:00:00Z,0.381232,0.3892,0.3892,0.0,157,0.007968,-0.023109,HOME:UNKNOWN(8470624@0.549)|AWAY:UNKNOWN(8470637@0.565),UNKNOWN,nhl-gs-0.1.0,nhl-feat-0.1.0,9f87c6de4d6f,DS:c7a54576395bcce6,0.9674,BLOCKED,PASS,"[""HARD_BLOCK:SYNTHETIC_SOURCE"", ""HARD_BLOCK:STALE_PRICE""]"
P:e24664b5c0f315965221,2026-09-25T19:55:48Z,2026-01-20T22:00:00Z,2026-01-21T02:00:00Z,BACKTEST,SYNTHETIC,2025020704,TEAM_TOTAL,OVER,2.5,WPG,2025020704:TEAM_TOTAL:WPG:OVER:+2.5,synthbook,-205,2026-01-20T18:00:00Z,0.643024,0.615963,0.615963,0.0,-160,-0.027062,-0.083568,HOME:UNKNOWN(8470624@0.549)|AWAY:UNKNOWN(8470637@0.565),UNKNOWN,nhl-gs-0.1.0,nhl-feat-0.1.0,9f87c6de4d6f,DS:c7a54576395bcce6,0.9674,BLOCKED,PASS,"[""HARD_BLOCK:SYNTHETIC_SOURCE"", ""HARD_BLOCK:STALE_PRICE""]"
P:db70ae7972f22b5d55d8,2026-09-25T19:55:48Z,2026-01-20T22:00:00Z,2026-01-21T02:00:00Z,BACKTEST,SYNTHETIC,2025020704,TEAM_TOTAL,UNDER,2.5,WPG,2025020704:TEAM_TOTAL:WPG:UNDER:+2.5,synthbook,168,2026-01-20T18:00:00Z,0.356976,0.384037,0.384037,0.0,160,0.027062,0.02922,HOME:UNKNOWN(8470624@0.549)|AWAY:UNKNOWN(8470637@0.565),UNKNOWN,nhl-gs-0.1.0,nhl-feat-0.1.0,9f87c6de4d6f,DS:c7a54576395bcce6,0.9674,BLOCKED,PASS,"[""HARD_BLOCK:SYNTHETIC_SOURCE"", ""HARD_BLOCK:STALE_PRICE""]"
P:69cce29a524f7789d22a,2026-09-25T19:55:48Z,2026-01-20T22:00:00Z,2026-01-21T02:00:00Z,BACKTEST,SYNTHETIC,2025020704,TOTAL,OVER,6.5,,2025020704:TOTAL:OVER:+6.5,synthbook,139,2026-01-20T18:00:00Z,0.400287,0.450464,0.450464,0.0,122,0.050177,0.076608,HOME:UNKNOWN(8470624@0.549)|AWAY:UNKNOWN(8470637@0.565),UNKNOWN,nhl-gs-0.1.0,nhl-feat-0.1.0,9f87c6de4d6f,DS:c7a54576395bcce6,0.9674,BLOCKED,MODEL_PLUS,"[""HARD_BLOCK:SYNTHETIC_SOURCE"", ""HARD_BLOCK:STALE_PRICE""]"
P:2b96c44ead2d078a8a91,2026-09-25T19:55:48Z,2026-01-20T22:00:00Z,2026-01-21T02:00:00Z,BACKTEST,SYNTHETIC,2025020704,TOTAL,UNDER,6.5,,2025020704:TOTAL:UNDER:+6.5,synthbook,-168,2026-01-20T18:00:00Z,0.599713,0.549536,0.549536,0.0,-122,-0.050177,-0.123359,HOME:UNKNOWN(8470624@0.549)|AWAY:UNKNOWN(8470637@0.565),UNKNOWN,nhl-gs-0.1.0,nhl-feat-0.1.0,9f87c6de4d6f,DS:c7a54576395bcce6,0.9674,BLOCKED,PASS,"[""HARD_BLOCK:SYNTHETIC_SOURCE"", ""HARD_BLOCK:STALE_PRICE""]"
